,nickname,text,score,like,dislike,time,watch_movie
0,한작가(hana****),"이런 영화 돈 안되는 거 알면서도 만든 제작자에 박수를,,,",9,408,13,2019-04-03 16:00:00,0
1,보리차(taij****),남들 눈엔 노망이라도. 나에게는 로망이기를.,8,371,16,2019-04-03 11:47:00,0
2,hkjj****,상영관이 생각보다 넘 없네요..볼만한 영화인거 같은데,9,200,18,2019-04-03 09:25:00,0
3,블리블리(stop****),억지 감동이 아닌 영화라 너무 좋았고 가족끼리 보기 딱 좋네요. 많은 생각을 하게 만드는 영화 같습니다 추천합니다.,10,180,4,2019-04-03 10:19:00,0
4,hsh1****,치매가 얼마나 무서운 질병인지 알려주고 부모님의 소중함과 효도를 해야겠다라는 생각이 깊게 들게 해주는 영화인거같습니다.한번 적어도 혼자서라도 보거나 가족분들과 보러가는것도 좋을꺼같습니다.,10,139,4,2019-04-03 09:52:00,0
5,슈퍼 바이크(cana****),이순재 정영숙님 인생드라마 명품연기 감사합니다,10,124,7,2019-04-03 13:41:00,0
6,bsu1****,"가슴 아프고 부모님을 돌아볼 영화,,",8,97,3,2019-04-03 09:39:00,0
7,mic(mics****),결혼한 남자분이 보시면 배우자를 다시 생각하게 만드는 영화입니다~,10,102,11,2019-04-03 11:07:00,0
8,추니(gceh****),엉엉 소리내어 울고 싶었던 영화  아직도 가슴이 먹먹,10,77,2,2019-04-03 13:12:00,0
9,나의작은별(litt****),보다가 너무 많이 움 ㅠ ㅠ,10,78,6,2019-04-03 13:39:00,0
10,뷰자데(ciel****),어머니와 함께 봤습니다. 울고 웃으며 많은 생각이 들었어요. 극장에 부모님 모시고 가서 보세요. 참 좋은 영화입니다.,9,71,5,2019-04-03 11:35:00,0
11,김지혜(wlsu****),완전 감동적이네요다시한번 삶을 돌아보게 되는 영화같아요이게 바로 명작 아니겠습니까ㅠㅠ,10,59,4,2019-04-03 13:33:00,0
12,완행(duso****),로망을 보면서 나의 앞날을 보는것 같아서 울었고~~치매로 며칠전에 돌아가신 울 엄마 생각이 나서 울었고~~마음과 코끝이 찡하네용^넘 좋았어요^^,10,58,4,2019-04-05 09:22:00,0
13,tbcm****,자극적인 뉴스에 지친 일상에 단비처럼 감성을 촉촉히 적셔주는 영화. 부모님의 삶에 대해 다시한번 생각해보고  또 살아계실때 효도해야겠다는 생각이 드는 영화. 보는 내내 지루하지 않고 자극적이지 않아 좋았던 근래들어 ...,10,52,2,2019-04-03 14:56:00,0
14,구민혜(minh****),스토리넘좋네요 가족을다시생각하게되는 시간이었어요,10,52,2,2019-04-03 13:31:00,0
15,wee2****,인생의 끝자락에 서서 뒤돌아보니 아직도 내옆에 남아있는건 내 아내였더라.,10,51,4,2019-04-03 10:29:00,0
16,ncin****,덤덤하게 그래서 더 짠한...,8,47,2,2019-04-03 13:29:00,0
17,새우(shri****),품안에 있을 때만 자식이다.자식과 나는 1촌관계 그이상 그이하도 아니다.역시 나중에 남는건 배우자 밖에 없다.,10,35,1,2019-04-04 11:30:00,0
18,KangP(mook****),올 해 꼭 봐야 할 영화~~,10,35,2,2019-04-03 11:22:00,0
19,아침N(morn****),요즘 같은 시대에 정말 마음을 씻어주는 영화네요. 가족 관람 적극 추천,10,33,1,2019-04-03 10:28:00,0
20,영화미치광이(mnb5****),로망... 개봉 첫날 조조로 봤네요. 이순재 선생님과 정영숙 선생님의 연기는 말할 것도 없고요. '로맨스'와 '노망' 두 가지 중의적인 의미를 고스란히 담고 있네요. 제목도 내용도 모두 ...,10,30,1,2019-04-03 14:52:00,0
21,김지애(wldo****),어제 점심에 봤는데 하루가 지난 지금까지도 여운이 남네요 보는내내 감동적이고 끝나고 나서도 가슴이 적적해지는 영화였습니다. 뻔하게 흘러가지 않아서 좋았고 인위적이지 않은 감동이였습니다.,10,32,3,2019-04-04 13:37:00,0
22,doeun(ehdm****),"반가워. 나도요, 반가워요",10,33,4,2019-04-03 11:28:00,0
23,매리(maer****),좋은 영화인데 상영하는 곳이 많지 않아 속상하네요..,10,28,2,2019-04-06 19:20:00,0
24,전성현(2374****),이런 영화를 영화관에 제대로 상영을 안하는 이유를 모르겠어요... 눈물 콧물 다 빼내었어요... 정말 최고의 영화였습니다...,10,25,1,2019-04-06 21:40:00,0
25,하이하이(youj****),최근에 본 영화 중에 가장 감동적이였어요. 가족 또는 연인과 함께 보면 좋을 것 같아요,10,24,1,2019-04-03 14:22:00,0
26,dmsdudwldyd88(dmsd****),"자연스럽게 영화를 보고 있으면 눈물이 나는 그런 공감적인 부분이 많이 되었던 영화였던거 같습니다  믿고 볼 수 밖에 없는 배우님들의 연기와  충분히 우리 인생에 있을수 있는 이야기들,나중에 후회하지 말고  있을때 잘...",10,25,2,2019-04-03 11:46:00,0
27,HHM(rotj****),왜?? 상영관이 별로없지??어쩔수없이 엄마랑 조조로봤어요~상영관이 별로 없다는게 안타까웠어요. 보는내내 가슴이 먹먹해지는 영화.꼭 보셨음 좋겠어요!!,10,22,0,2019-04-07 22:50:00,관람객
28,바리티에(9969****),부모님과 함께 볼만한 영화...,9,24,2,2019-04-03 10:45:00,0
29,이상원(lsw8****),상영관을 늘려야합니다,10,25,3,2019-04-07 18:56:00,0
30,kyle(nuno****),영화관 나오면서 바로 어머니에게 전화를 드렸네요. 가족의 소중함을 다시한번 일깨워 주는 영화... 이런 영화 좋아요.,10,23,2,2019-04-03 10:40:00,0
31,찌숭(ange****),뻔한 억지 감동영화들에 지치고 지겨웠는데오랜만에 영화다운 영화봤네요왜 이런 영화를 많이 상영안하고쓰레기같은영화들은 그렇게나 열심히홍보하고상영하는지이해할수가없네요,10,21,1,2019-04-06 17:05:00,0
32,20년만 더 힘내는거야(wins****),40대중년으로 우리가 살아가며  주위에서 일어나는 일상을 잘 그렸는데..     슬프네요,10,21,1,2019-04-03 13:36:00,0
33,JJ맘(keo8****),치매 걸린 두 노부부가 서로에게 의존하며돌보는 장면부터 영화 내내 가슴이 울컥하고눈물 훔치며 보았다.이건 연기가 아니라 리얼 그 차체였다.,10,20,1,2019-04-07 23:56:00,0
34,BLOCK(bloc****),"눈안에 미세먼지를 확 씻어낼 수 있는 영화네요. 연출이 섬세하고 내용도 담백합니다. 대한민국의 평범한 부부, 가족들을 위한 영화로 추천합니다.",10,20,1,2019-04-03 10:23:00,0
35,클로이(bloo****),관람객들 다 우느라 영화 끝나도 바로 나갈 수가 없었다. 고령화 사회에 꼭 필요한 영화...,10,19,2,2019-04-06 15:12:00,0
36,우엥우헹(qsd0****),눈물이 흐릅니다..ㅠ,10,19,2,2019-04-03 15:19:00,0
37,keyc****,"극장에서 오열하고옴..ㅠㅠ이런 영화 많이 접할수있었으면 좋겠다자극적인 내용 아니어도, 핫한 젊은 톱스타 나오지않아도 이렇게나 지루함없이 많은걸 느낄수있는 영화.",10,17,1,2019-04-06 19:05:00,0
38,wngk****,이순재 선생님 정영숙 선생님 연기 명불허전. 감동 스토리까지 10점!!,10,15,0,2019-04-05 23:06:00,0
39,pshd****,먹먹하게 하는 영화.시간 가는줄도 모르고 정말 재밋게 봤네요 생각도 많아지고 생각도 깊어지고.. 여러모로 성숙해지게 만듭니다 부모님께 잘 할께요ㅜㅜ,10,16,1,2019-04-08 15:26:00,관람객
40,하림(hari****),제 인생 최고의 영화에요 백만원 넘게 달라고해도 주고 볼 영화에요 평점 처음 쓰는데 진짜 최고에요 진짜 진짜 진짜 최고에요,10,18,3,2019-04-05 03:04:00,0
41,재진(yuae****),가족이랑 같이봤는데 스토리도 좋고 너무 좋았어요,10,15,1,2019-04-06 22:11:00,관람객
42,지금생각중(elsl****),인생영화라고 말할정도의 영화다..,10,15,1,2019-04-06 16:44:00,0
43,폭기(dlwl****),주변에 상영관이 없어 멀리 찾아찾아 갔는데 시간돠 정성이 하나도 안아까웠습니다.,10,15,1,2019-04-06 12:24:00,0
44,ssem(sse_****),왜 안봐요?!!!부부끼리 한번 부모님과 한번자식과 한번 세번은 보세요 ㅜㅜㅜㅜ인생영화입니다,10,15,1,2019-04-06 12:05:00,0
45,까미(kami****),"정말 아름답고 감동적이였습니다.오래오래 기억에 남을것 같고,아이들과 부모님 형제들과 함께 보고싶습니다.오늘 너무 울어서 머리가 아플 지경이였습니다.너무 잘 만들어진 영화같습니다.",10,15,1,2019-04-06 04:44:00,0
46,khee****,치매이야기가 아니라 부부이야기이며 부모이야기입니다.다시 한번 주변을 돌아보게 하는 영화네요~^^,10,15,1,2019-04-05 09:22:00,0
47,남슈(nams****),"상영회로 봤습니다 휴지 꼭 챙겨가세요!!!! 뻔할수있지만 드라마 눈이부시게 생각도 나고, 우리도 늙을 수 있다는 생각과 함께 부모님 계실때 잘해드려야겠다 생각이 들었습니다. 감동 슬픔 따뜻한 영화",10,15,1,2019-04-03 10:34:00,0
48,1110(w242****),상영관이 좀 많았으면 좋았을텐데,9,14,1,2019-04-07 15:38:00,관람객
49,권서연(cind****),"안 울려고 해도 눈물이 나는 영화임,, 혼자라도 또 보러 가고 싶은 영화나의 미래, 가족에 대해 생각해보게 되는 영화고 꼭 한번 보는것을 추천합니다.",10,14,1,2019-04-06 18:37:00,0
50,gksd****,간만에 눈물을  펑펑 쏟았습니다.,10,15,3,2019-04-03 12:13:00,0
51,카이저(good****),이순재 해변가에서 오열할때 나도 모르게 울컥했다 잊지 못할 장면 같다,10,11,0,2019-04-05 17:53:00,0
52,유리니(w133****),나와 내가족을 다시 생각하게 만드는 영화네요..,10,11,0,2019-04-04 15:45:00,0
53,율이맘(nigh****),손수건 필수 ㅠㅠ 추천합니다.,10,11,0,2019-04-04 14:59:00,0
54,주(joo4****),영화 로망 너무 감동적이네요ㅠㅠㅠ현실적인 이야기라 마음에 와닿았습니다 ㅠㅠ배우자랑봐도 좋고 자식들과 봐도 좋은 영화예요느껴지는게 많은 인생영화였습니다!!,10,11,0,2019-04-04 14:53:00,0
55,으랏차차(rock****),"영화속 조한철 대사 한마디가 머리에서 떠나지 않네요. (아버지 저하고 찬해자려) ""애쓰지 마세요.""  아버지가 보고  싶습니다. 비록 많으 늙으셨어도 저에게는 영원한 영웅이십니다. 그리고 꼭 반드시 어...",10,11,0,2019-04-04 13:19:00,0
56,장얼짱(jmn7****),많은생각을하게만드는영화이자 내자신을되돌아보게되는시간이였으며 여운이 깊게많이남는영화,10,11,0,2019-04-04 13:13:00,0
57,sira****,펑펑 울고 힐링되는 영화,10,11,0,2019-04-04 13:03:00,0
58,myjk****,대박 따뜻한 영화예요~!! ㅎㅎ 너무 슬프지만 그만큼 생각이 많아지고 주변을 돌아보게 되네요,10,11,0,2019-04-04 12:45:00,0
59,부헉(dlsd****),"정말 좋은 영화입니다. 노련한 배우님들의 연기, 가족들이 함께 생각해볼만한 로망이라는 주제, 복잡할 거 같으면서도 잘 풀어낸 스토리. 연인, 부부, 가족 모두 함께 같이 보면 정말 좋은 영화입니다. 꼭 보시기를 추천...",10,12,1,2019-04-06 20:16:00,0
60,jjyr****,나 자신의 삶을 되돌아보고 가족을 둘러보게하는 멋진 영화네요. 부모님이랑 같이 보면 좋을거같네요,10,12,1,2019-04-06 18:35:00,0
61,김민경(mets****),"가족의 의미와 부모의 소중함을 일깨워주는 영화 ,",10,12,1,2019-04-06 16:23:00,관람객
62,Qwer1234(suno****),손수건 꼭 챙겨가시구요. 울다 웃다 생각없이 보러갔다가 많은걸 느끼게해주는 시간이었습니다. 부모님들과 가족들과 함께 보시길 강추합니다.,10,12,1,2019-04-03 10:54:00,0
63,할수있당(rkwk****),로:망 보는 걸 망:설이지마세요!^^,10,13,2,2019-04-04 23:46:00,0
64,사랑으로(chan****),보는내내 나의 미래를 보는듯하다 ㅠ.ㅠ,10,10,0,2019-04-03 14:11:00,0
65,엄정훈(rhdq****),저한테 철학적으로 다가온 영화입니다.펑펑 울었어요,10,11,1,2019-04-08 15:59:00,0
66,o_o_****,가슴이 먹먹해지네요 엄마랑 같이 봤는데 엄마도 울고 저도 울었어요 정말 추천합니다!,10,11,1,2019-04-08 08:12:00,관람객
67,TOP(hope****),최고다 진짜 최고야 ....,10,11,1,2019-04-06 14:27:00,0
68,시니(ysin****),정말 감동적이고 가슴이 먹먹해지는 영화네요..ㅠㅠ,10,11,1,2019-04-05 23:31:00,0
69,모과(best****),친정엄마 생각이 나서 울컥~ 슬프고 아름다운 이야기 입니다미래의 내 삶을 세삼 그려보게 되네요  잘 봤습니다..,10,11,1,2019-04-05 18:00:00,0
70,kvcj****,생일이 잊어서는 안되는 과거라면로망은 우리가 앞으로 겪게될 미래인듯생일이 억지로 감정 짜내길래 실망햇는데 로망은 와닿네요,9,11,1,2019-04-04 15:46:00,0
71,김부경(sanm****),보는 내내 가슴이 먹먹해졌지만 비극적인 당신들의 삶을 참 우아하고 아름답게 표현한 영화였습니다... 아들과 뜻깊은 영화 잘 보았습니다~,10,11,1,2019-04-04 10:07:00,0
72,마이더스(jong****),내가 봤던 한국 영화중에 가장 슬픈영화였다 진짜 한국인이라면 무조건 봐야하는 영화라고 생각한다,10,11,1,2019-04-03 22:00:00,0
73,2eesh(2ees****),"나에게 있어, 할아버지 할머니 들이 더 많이 생각나게 만드는 영화 였습니다. 좋은영화 감사합니다!",10,11,1,2019-04-03 10:33:00,0
74,노남경(kyob****),현실상황에 누구나 격을수있는 일들을 일깨어주는영화정말 눈물이 아깝지않은 영화  추천합니다,10,9,0,2019-04-07 16:03:00,0
75,시니어교구목회자(ybc1****),정말  이 영화 만든 제작자와 출연진 그리고 배급사에 박수를 보냅니다. 돈 안되는 걸 알면서도 이렇게  현 시대를 반영하고 또 의미있는 영화를 만들어 올려주셔서 감사드립니다. 부모님께 꼭 효도하겠습니다!!!,10,9,0,2019-04-07 14:08:00,0
76,Hyoeun(chlo****),"영화중에서 가장 많이 울었던,할머니,할아버지를 떠올리게 하는 영화였다",10,9,0,2019-04-06 21:11:00,0
77,마님쫑(pmz7****),미래의 남편과 함께 봤어요 영화보며 느낀 생각과 마음 오래오래 간직할게요,10,9,0,2019-04-06 18:15:00,관람객
78,hye8****,치매가 무섭고 슬픈 질병이라는 것을 알려주는 영화,10,9,0,2019-04-06 12:44:00,0
79,이종은(whd7****),진짜 눈물 쏙 빠지네요...,10,9,0,2019-04-06 10:31:00,0
80,oje2****,누구에게나 있는 젊은날 그리고 인생의 마침표..아직 인생의 반도 오지 못한 나에게 나의 먼 미래의 모습같아 하염없이 눈물을 흘렸다,10,9,0,2019-04-06 02:27:00,0
81,sall****,"지금까지 이렇게 눈물이 많이나는 영화는 없었던듯, 집에오는 내내 여운이 가시질 않네요",10,9,0,2019-04-06 00:37:00,0
82,어둠(himo****),왜 안보냐... 휴지 꼭 들고 가고...,10,9,0,2019-04-06 00:27:00,0
83,힐더월드(sunc****),리뷰 원래 잘 안쓰는데 정말 괜찮은 영화. 노부부 영화라고만 생각했는데 그런거 아님.,10,9,0,2019-04-05 23:14:00,0
84,혠닝(wsqa****),소소한 웃음..영화보는동안 네번정도 울었어요 ㅜㅜ,10,9,0,2019-04-05 23:02:00,0
85,서현(dk94****),"어른들의 현실을 모르고 할머니,할아버지를 마냥 좋아하던 영화속 손녀같던 시절이 존재했다. 인생 뜻대로 안되기도 하고,부모님처럼은 살지않겠다고 원망하면서 부모님 생각하면 가슴 먹먹한 아들,며느리 모습도 있다. 나이가 ...",10,9,0,2019-04-05 05:00:00,0
86,engt****,돌아가신 아버지 집에 계신 어머니 생각도 나고 나의 먼훗날 미래도 생각나게 하네요,10,9,0,2019-04-05 01:38:00,0
87,코스모스(ccow****),나도이럴수있다는 이야기속의 내가 주인공이듯. . 가슴이 먹먹합니다.부모님 살아계실적 더 잘해드리고자주찾아뵙고해야겄어요.혼자라도 영화보러 가렵니다.,10,9,0,2019-04-05 00:39:00,0
88,발렌타인(myge****),이보다 슬픈 영화는 많았지만 이만큼 울어본 영화는 없었습니다. 아 눈 아파,9,9,0,2019-04-04 21:41:00,0
89,stmf****,연기 너무 좋아요 영화내용도 너무 좋아요 지루하지않게 보았습니다,10,10,1,2019-04-10 22:18:00,관람객
90,mirr****,인생영화!억지 자극에 길들어있다가 담백하고 잔잔한데도 감동이 넘쳐흐르는 작품을 만나 숨통이 트이는 느낌!내돈주고 영화보고도 감사하단말이 절로~~,10,10,1,2019-04-09 16:02:00,0
91,jyd2****,"보면서 가슴이 먹먹할 따름,,, 많이 울었어요",10,10,1,2019-04-08 00:26:00,관람객
92,pooh****,부모님과 함께 관람했어요. 저희 엄마도 지병이 있으셔서 오래 앉아있기 힘들어 하시는데 시간가는 줄 모르고 관람하시더라고요. 재미있는 스토리에 웃기도하고 마음을 울리기도 하고 모처럼 부모님과 좋은 시간보냈습니다. 자식...,10,10,1,2019-04-07 23:16:00,0
93,샘토리(lkhg****),인생영화 등극입니다 진심으로,10,10,1,2019-04-07 23:07:00,0
94,낮버디밤세이브창용(dely****),군산 롯데시네마에서 우리 커플포함 3명봤다 덕분에 눈치안보고 펑펑 울었다 인생영화 억지감동도 아닌 나도 저렇게 될수도 있겠구나 싶어서 너무 슬펐다,10,10,1,2019-04-07 22:26:00,0
95,달궁이(ekfr****),왜 박스오피스 7위?이해 불가1위감인데,10,10,1,2019-04-07 00:36:00,0
96,양준영(sky0****),제가봤던 영화중 최고의 영화입니다정말 눈물계속납니다 많은걸 깨달았습니다이런 명작은 올려줘야됩니다,10,10,1,2019-04-07 00:06:00,0
97,dv30****,정말 많은 생각을 하게 만드는 영화인 것 같아요. 그런데 왜 상영관이 많이 없나요...ㅠㅠ 지금보다 더 많은 사람들이 보았으면 좋겠어요!,10,10,1,2019-04-06 22:59:00,0
98,민수갓(nami****),이 작품 욕하는사람은 거의없을거같아요.이순재님 연기가 너무 눈물났어요.,10,10,1,2019-04-06 22:04:00,0
99,김초롱(chol****),치매로 돌아가신 친할머니 생각이 많이났어요 살아계실 때 많이 찾아 뵙고 그럴 걸 .. 그리고 치매로 살아가는 우리 현실이 너무나도 어렵다는 걸 다시 한 번 느끼는 시간이였어요,10,10,1,2019-04-06 21:26:00,관람객
100,BLISS(mrka****),우리 모두가 반드시 가족과 함께 봐야할 가슴속 이야기 ♥,10,10,1,2019-04-06 13:25:00,0
101,안알랴줌(qw12****),꿀팁) 휴지 한통 들고가셈내 눈물샘이 자동문이 된 줄 알았다. 안울려고 링딩동3창했는데 '이매자'소리 들릴때마다 오픈당함 진짜 집에서 봤으면 오열하면서 봤을듯,10,10,1,2019-04-06 11:32:00,0
102,Carpe Diem(yeso****),펑펑울면서 봤네요.. 있을때 잘하자는 말이 크게 와닿네요 연기너무 좋았습니다!!,9,10,1,2019-04-04 14:20:00,0
103,건설분야 대표변호사(artk****),한편의 드라마 같은 잔잔한 감동과 함께 하는 영화,10,10,1,2019-04-04 08:22:00,0
104,강태성(kang****),꼭보십시요 꼭꼭 간만에 영화같은영화밧네,10,10,1,2019-04-04 07:45:00,0
105,홍은정(dspc****),펑펑 울엇네용~~~...,7,10,1,2019-04-04 02:14:00,0
106,메이크업ju(ligh****),"억지울음이 아닌 어느어느 구석구석 장면 에선가 내부모님과 우리가족이 오버랩되는순간 자연스럽게 눈가가 촉촉해졌네요.콧물 잔뜩 먹고 옴..ㅠㅠ 훌쩍 부모님과 함께 , 혹은 불효자가봐야할...",10,10,1,2019-04-04 01:47:00,0
107,갱이(dus0****),방금전에 보고왔어요. 평점 등록 처음해보네요. 치매걸리신 할머니와 멀리계신 부모님 생각이 많이 났어요. 영화가 끝나고 나서도 가슴이 먹먹해서 한동안 자리에 앉아있었네요. 저희 부모님께 꼭 추천하고싶은 영화에요.,10,10,1,2019-04-04 00:50:00,0
108,양하은(sksm****),영화 시작부터 지루한 감정을 하나도 못느꼈고평점 남긴 영화도 처음 입니다 정말 추천 드립니다.오랜만에 광광 울어버렸네요.,10,8,0,2019-04-11 23:43:00,0
109,검은밤바다(cat_****),영화만들어주셔서 고마워요. 따뜻했는데 많이 울었던 영화였습니다.,10,8,0,2019-04-10 23:55:00,0
110,매직아워(eilo****),"하나 뿐인 내편 같은 유치뽕짝 주말드라마와는 다른, 온기와 진심으로 치매를 대하는 자세.",10,8,0,2019-04-10 17:27:00,0
111,jjyz(kimj****),상영관이 너무 없네요 ㅠㅠ,10,8,0,2019-04-09 20:08:00,0
112,coav****,살면서 본 영화관 영화중에서 가장 많이 울었고 평점처음 써보게 만드는 영화네여 진짜 보면서 계속 울었어요 너무 슬프고 명연기에 너무 몰입해서 봤네여,10,8,0,2019-04-09 15:38:00,0
113,rlav****,울컥울컥하다가 죽을뻔..   러브엑츄얼리의 카드 고백보다 순재형님과 매자누나의 댓글달기가 100배는 멋있고 감동적이었다  처음으로 평남기는 영화 ㅠ,10,8,0,2019-04-09 13:05:00,0
114,gksthd(gkst****),"많은것을 느끼게 해주고 이순재, 정영숙 두분의 명품연기가 너무좋았습니다. 정말 좋은영환데상영관이 너무 없는것 같아서 슬프네요ㅠ",10,8,0,2019-04-08 22:17:00,0
115,꿀(syh4****),저희 할머니가 치매이신데 정말 이영화 보면서 너무 할머니 생각나고 가슴이 먹먹하네요.너무 좋은 영화인데 상영하는 곳이 너무 적은게 아쉽네요,10,8,0,2019-04-08 20:52:00,0
116,김경민(ruas****),혼자서펑펑울다왔습니다,10,8,0,2019-04-08 15:04:00,0
117,cans****,가족이라는 두글자..,10,8,0,2019-04-08 14:22:00,0
118,HappyHana(namo****),내생에 처음으로 영화평점 남겨본다.,10,8,0,2019-04-08 12:18:00,0
119,James(jame****),좋은 영화입니다~ 추천합니다,10,8,0,2019-04-08 08:44:00,0
120,강산해(hjtc****),연로하신 부모님과 자녀들이 보면 좋을 영화. 누구나 겪을수 있는 슬프고 아픈 인생의 마지막 노년기‥,10,8,0,2019-04-07 21:54:00,관람객
121,박미영(mali****),울다가 울고 한숨쉬다가 울고...너무 현실적이여서 더마음이아팠습니다,10,8,0,2019-04-07 21:08:00,0
122,hyeo****,많은 생각을 주는 영화 인데 상영관이 너무 없네요,8,8,0,2019-04-07 21:04:00,관람객
123,스패니쉬(gift****),부모님이 너무 좋아하셨어요~,9,8,0,2019-04-07 18:50:00,관람객
124,아무끼나(luv1****),아들 진수..의 마음이 가까운 미래의 내모습..을보는듯 해서 울컥했다..어머니..께서 조금이나마 정신이 온전할때더 잘해드려야겠다.,10,8,0,2019-04-07 18:06:00,0
125,코코코코코(wjdd****),7번방의 선물 이후로 안울었던 내가... 일년치 눈물 다 뺐다...,10,8,0,2019-04-07 17:46:00,0
126,ㄹㅎ(mfgh****),어머니 모시고 보러갔는데영화 보는 내내 눈물이 멈추질 않았어요.억지로 짜내는 그런 영화가 아니라살아가면서 자연스레 누구나 겪을 얘기라 그런지공감도 돼고 한편으론 생각이 참 많아지게 하는 영화였어요. 부모님 모시고 함...,10,8,0,2019-04-07 15:39:00,관람객
127,ecob****,나는 잘 살고 있는 것인지..생각해보게 하는 영화,10,8,0,2019-04-07 14:41:00,0
128,아잉나야(jesu****),상영관이 넘 없어서 아쉬웠습니다부모님  모시고 꼭   다시 보고  싶네요ㅠ,10,8,0,2019-04-07 13:03:00,관람객
129,once****,"남봉씨 오줌쌀때 이매자씨가 꼭 껴안아주며한말 ""괜찮아요 다 괜찮아요 ""이때 나는 눈물이 나더군요 감동깊게 잘봤어요",10,8,0,2019-04-07 11:46:00,0
130,세무법인로맥강남지사(p538****),재미있게잘보았습니다,10,8,0,2019-04-07 11:41:00,0
131,강안나(john****),우리 부모님 두분이 함께 보시고 오셨네요. 우리엄마가 치매이신데요. 저는 벌써 울음이 나와 보러 갈 용기가 안나네요,10,8,0,2019-04-07 01:43:00,0
132,산소나방(dmws****),완전슬프거  정말 재미있어용 ~,10,8,0,2019-04-07 01:16:00,관람객
133,잠만보옹(kimi****),예고편으로 이미 짐작가능한 내용으로 알고봤는데도 많이 울면서 봤네요 응원합니다 너무잘봤어요 감사합니다!!,10,8,0,2019-04-06 23:18:00,0
134,오롤롤롤(gllo****),머지않아 결말이 달라질 수 있길.,8,8,0,2019-04-06 18:33:00,관람객
135,김성호(zero****),부모님 모시고 봤습니다. 효도 합시다,10,8,0,2019-04-06 16:09:00,0
136,김징(jek1****),현실에서 일어날 수 있는 일이기에.. 또 나의 가족들이 겹쳐보여서 너무 슬펐던 영화..,10,8,0,2019-04-06 08:38:00,0
137,muchacha(dbwl****),볼 수 있는 상영관이 많지 않다는 것이 아쉬울 따름입니다 오랜만에 가슴이 먹먹해지는 영화를 본 것 같습니다,10,8,0,2019-04-06 04:22:00,0
138,돼지(kjhk****),평소 눈물이라고 모르던 사람이 이영화보고 2년만에 울었네요 ..부모와 연인에게 후회할짓안남기도록 다시한번더 깨달음을 얻게되네요..,10,8,0,2019-04-06 02:12:00,0
139,ldhziem(qqpp****),정말 너무 좋은 영화인데 상영관이 부족해 많은 사람들에게 알려지지 못한다는 점이 너무 아쉽네요 한번쯤 꼭 봐야할 영화라고 생각합니다,10,8,0,2019-04-06 00:55:00,0
140,백은주(smpa****),평범한 영화다라고 생각하는 순간 시골에 둘이 계신 부모님이 자꾸 생각나고 어느새 눈물이 주룩주룩 나데요..죽는것도 맘대로 같이 못죽는게 인생이라는 말에서 먹먹했어요..,10,8,0,2019-04-06 00:35:00,0
141,웃음지기(dpfh****),감동이 밀려옴~~여친 사정없이 울어뚜~,10,8,0,2019-04-05 22:49:00,관람객
142,sb02****,미래를 생각하게 되는 영화.. 정말 이런 영화가 많이 알려지길 바랍니다,7,8,0,2019-04-05 19:46:00,관람객
143,obgy****,부모님이  다시 보입니다  꼭 보세요,10,8,0,2019-04-05 18:14:00,0
144,lhj4****,처음부터 끝까지 가슴이 먹먹하고 눈물이 멈추지 않는 영화입니다. 가족의 존재에 대해 다시 한 번 생각해보게 되는 좋은 시간이였습니다.,10,8,0,2019-04-05 17:32:00,0
145,gusd****,슬픔 + 감동 + 재미 입니다.,10,8,0,2019-04-05 16:03:00,0
146,윤정맘(pros****),영화 엄청 많이 보는데 첨 리뷰 써봐요...저희 부부 영화 보는 내내 울고 하루 종일 여운이 남는 영화였습니다...,10,8,0,2019-04-05 01:03:00,0
147,설화(8145****),슬퍼여 한시간동안 내내 울엇어요,10,8,0,2019-04-05 00:45:00,0
148,eddi****,내 모습이 어떻든 끝까지 옆에 있어주는 사람. 그 사람이 곧 나의 전부이기에,9,8,0,2019-04-05 00:34:00,0
149,아녜스(a993****),부부가 함께 시간을 보내며 살아온 모든 것들에 대해 생각해보는 영화였어요,10,8,0,2019-04-04 23:52:00,관람객
150,광황(lcm0****),"부모님이 생각나는, 아내도 생각나는 나를 돌아보게되는 영화",10,8,0,2019-04-04 23:47:00,0
151,CK(joad****),정말 감동적이고 소중함을 느끼게 해주는 영화입니다.,10,8,0,2019-04-04 23:06:00,0
152,ohmaeng5134(sin7****),최고예요... 두 번 보고 싶어요.,10,8,0,2019-04-04 22:24:00,0
153,안종무(anjo****),하나 보다 둘 노부부 두 분이 아름답게 소통하는 모습에 무한감동 받았습니다 혼자 가족끼리 연인끼리 부부끼리 보기에 좋은 영화같아요 이루어져라 로망이여,10,8,0,2019-04-04 21:43:00,0
154,s400****,누구나 늙고 병들죠부부가 손잡고 가서 둘만의 미래에 대해 얘기 나눌수 있는 좋은 기회가 됐네요,10,8,0,2019-04-04 19:12:00,0
155,dlsu****,영화끝나고 나오는데 할머니할아버지가 손잡고 계단 내려가는 모습에 한번 더 뭉클,10,8,0,2019-04-04 18:56:00,관람객
156,현지(0107****),영화보면서 못참고 이렇게 눈물 쏟은적은 처음인것같습니다. 자식의 마음도 부모의 마음도 무엇인지 알 것 같아서 마음이 너무 아팠습니다. ㅠㅠ,10,8,0,2019-04-04 17:42:00,0
157,지한맘(yiju****),눈물 한바가지 흘리고 왔네요..ㅠㅠ신랑이랑 낮에 둘이가서 봤는데..서로 생각하는 마음을 갖게 되었네요,10,8,0,2019-04-04 16:24:00,관람객
158,꿈을이루자(heyj****),많은 감동을 안겨주는 영화에요 출연자분들 연기도 짱입니다!!,10,8,0,2019-04-03 15:48:00,관람객
159,9988(hanl****),요즘남편과 사이가 안좋아서 남편억지로 끌고 가봤는데... 잘봤습니다~,6,9,1,2019-04-08 09:23:00,관람객
160,소망(thak****),처음부터 끝까지 부모님 생각하게 만드는 영화그리고 우리엄마는 내가 어렸을때 저런 과정을 겪으며 얼마나 힘들었을까평점 안남기는데 제발 꼭 보세요 ㅠㅠ,10,9,1,2019-04-05 18:16:00,0
161,조순옥(jole****),요즘 100세시대에 부모님이랑 우리 자신을 다시 한번 돌아보게 하는 가족 영화네요 맘이 찡했습니다~,8,9,1,2019-04-05 13:26:00,0
162,ansr****,담담했기에 아름다웠다,10,9,1,2019-04-04 21:16:00,0
163,parj****,너무나감동적이고 누구나에도올수있는 치매~ 배우들의 명연기에 큰박수와 함께 가족모두 보길 권합니다,10,9,1,2019-04-04 20:48:00,0
164,ForzaJUVE(dduk****),많은 여운과 함께 생각에 잠기게 되는 영화. 이순재 선생님 오래오래 건강하게 지내세요:-),9,9,1,2019-04-04 20:45:00,관람객
165,릴리(kdh3****),첫 평점이네요 말이 필요없습니다. 영화끝나고도 여운이 남아요 . 여러가지를 생각하게 하는 영화네요~,10,9,1,2019-04-04 20:43:00,0
166,삼성라벨(ssla****),오랜만에 극장에서 울부짖었음...,10,9,1,2019-04-04 17:32:00,0
167,정의채(dmlc****),같이본여성분이 많이슬퍼하네요 ㅜㅜ,10,9,1,2019-04-04 15:38:00,0
168,neom****,가슴이  먹먹하고  가족이야이네요..잘봤습니다..,8,9,1,2019-04-04 13:28:00,관람객
169,멋진이(namw****),어버지가 많이 나네요  ㅜ.ㅜ,10,9,1,2019-04-04 13:18:00,0
170,time****,"백 마디 대사보다 이순재, 정영숙 님 눈가의 주름만으로도 먹먹했음. ""청개구리냐!!""에 무너짐. 그저 울고 싶었으나 가족들이 볼까봐...",10,9,1,2019-04-04 12:50:00,0
171,There for I am(kiov****),"눈물펑펑ㅜㅜ가족끼리 보는거 추천이요뭉클함이,,,,",10,9,1,2019-04-04 10:35:00,0
172,gamja79(kimi****),우리에게 일어날수있는 소재로 시작부터 눈물이 나고 가족에대한생각을  다시한번 느끼게하는영화였습니다.너무 잘봤습니다,10,9,1,2019-04-04 10:30:00,0
173,lily561(kkm0****),이거 진짜 필람무비입니다 ㅠㅠ,10,9,1,2019-04-04 07:47:00,0
174,그냥해(ehdw****),다시 한번 가족이 떠오르는 영화네요 엄마 아빠 사랑합니다,10,9,1,2019-04-04 01:43:00,0
175,첫사랑(just****),영화를 보고 나왔는데... 마음 한 구석이... 여운이 마니남네...,10,9,1,2019-04-04 01:07:00,0
176,imso****,세상에...어느순간 눈물이 흐르고있더라구요..현실은 슬프나 결코 슬픔의 눈물이 아닌 아름다움!부모님 모습이 그려지는 그래서 여운이 더 깊게 남는 영화입니다..부모님을 사랑한다면 꼭 보셨으면 좋겠어요~,10,9,1,2019-04-03 23:22:00,0
177,wang****,영화 보는 내내 부모님 생각이 많이 났습니다.. 간만에 좋은 영화.. 여운이 많이 남네요,10,9,1,2019-04-03 23:05:00,0
178,썬댄스(cheg****),보고 나서도 한참 짠하네요. 부모님과 같이 볼 수 있게 상영관 시간 좀 늘려 주세요.,10,9,1,2019-04-03 21:25:00,0
179,넥스트(ccdd****),너무 좋았고 감동적인 영화였어요,10,7,0,2019-04-12 03:35:00,관람객
180,4월29일(keep****),처음에는 이순재선생님의 뻔한 가부장적인 꽉~ 막힌 연기에 에이... 했는데 영화중반부터 완전 몰입되서 찐한 감동을 주네요~ 좋은 영화인데 상영관이 너무 없어서 아쉽네요,10,7,0,2019-04-11 16:25:00,0
181,박희림(heer****),ㅠ꼭보세요!! 진짜 감동적,10,7,0,2019-04-11 12:47:00,0
182,uah4****,이순재 선생님 연기 좋았습니다~^^역시 연기내공이따듯한 분위기. 현실 소재랑 잘 결합된 듯 합니다. 넘 슬펐어요.. 부부가 메모로 대화하는 장면이.. 명장면이었네요ㅠ 펑펑 울어서 눈이 팅팅 부엇어요ㅋㅋㅋ 이럴줄알앗으...,9,7,0,2019-04-09 00:24:00,0
183,dlxo****,그냥 딱 이 시대에 이 감정이 필요하죠이런 대작이 천만 찍어야합니다.오랜만에 훌율한작품봤습니다,10,7,0,2019-04-09 00:11:00,0
184,들꽃향기(mimi****),너무 감동적이고 현실적인 내용에 맘이 쓰라리네요..,10,7,0,2019-04-09 00:01:00,0
185,qlqk****,남 이야기가 아닌것같아 가슴을 적시는 영화네요,10,7,0,2019-04-07 19:23:00,0
186,김주희(juhe****),가족들과함께보기좋은영화예요뭉클하네요,10,7,0,2019-04-07 19:06:00,0
187,arom****,삶을 되돌아보게 되네요~ 추천합니다,8,7,0,2019-04-07 18:59:00,0
188,수련(love****),잔잔한 감동을 주는영화. 공감.,10,7,0,2019-04-07 11:20:00,0
189,JM(faq0****),세상에서 제일 슬프다.. ㅠㅠ,10,7,0,2019-04-07 09:24:00,0
190,esse****,너무나도 슬프고 슬픈 아름다운 영화네요손수건 필수입니다.,10,7,0,2019-04-04 17:07:00,관람객
191,jdtt****,잘 봤어요. 상영관이 많이 없어서 아쉬워요! 많은 사람들이 보면 좋을 것 같아요.,10,7,0,2019-04-04 16:54:00,0
192,깜찍이(stpj****),너무  감동젘이다^^추천해 줘야겠다*~~*,10,7,0,2019-04-04 13:19:00,0
193,0202****,정말 현실적인 우리들 모두의 이야기.가족이란것을 다시한번더 생각하게하는 영화.시작부터 울었어ㅠㅠ,10,7,0,2019-04-04 00:00:00,0
194,카루(dkem****),여러분 팝콘사가지마세요..  영화보는내내 우느라 팝콘남겼음... ㅠㅠ,10,7,0,2019-04-03 23:45:00,0
195,tnvj****,정말많은생각을 하게되네요. 로망 여운이가시지않는 영화,10,7,0,2019-04-03 23:39:00,0
196,여우비(jsil****),부모님을 생각하게 함과 동시에 내 삶 또한 돌아보게 만드는 영화. 꼭 봐야 할 영화.,10,7,0,2019-04-03 23:11:00,0
197,arom****,"너무좋고너무울었고인생영화중하나가되었습니다. 이순재,정영숙배우님ㅠㅠ존경합니다",10,7,0,2019-04-03 22:54:00,0
198,강백호(tv87****),감동이에요 대박입니다,10,7,0,2019-04-03 22:51:00,0
199,ilov****,이순재 할아버지 정말 연기의 신! 영화제 남우 주연상 갑시다!,10,7,0,2019-04-03 22:50:00,0
200,김태연(eun5****),너무 재밌게 보고 많은 생각을 하게 해준.영화입니다.,10,7,0,2019-04-03 22:30:00,0
201,1210(eric****),누군가의 아들 혹은  딸이라면 울수밖에 없는영화...,10,7,0,2019-04-03 22:09:00,0
202,아아아(rudg****),처음부터 끝까지 눈물없이는 볼수없는 너무 슬픈영화 입니다! 가족들에 대해서 다시한번 생각해볼수 있는 영화! 추천!!!!,10,7,0,2019-04-03 22:07:00,0
203,발로차 Soccer(sgwa****),사회복지를 공부하는 사람으로써 노인복지론을 공부하게 되는것 같습니다.  삶이란 이런것 이구나 하며 많이 느끼게 됩니다.,10,7,0,2019-04-03 21:37:00,0
204,크레용신짱(gdlo****),뻔한 내용이지만 생각이 많아지는 영화부모님 생각 많이 납니다,10,7,0,2019-04-03 21:35:00,0
205,76dl****,눈물이 나도 모르게 쭉 흘러내림.. 앞으로 우리에게도 닥칠일이라는 부분이 저에게 너무나 와닿아요. 상영관이 많았으면 하는 바램입니다!! 연기하셨던분들 다들 화이팅입니다!!,10,7,0,2019-04-03 20:58:00,0
206,애쉬(dywl****),아주 좋았습니다 ^^ 감동적이고 매우 재밌게 봤습니다. 중간중간에 코믹요소도 많았습니다 ㅎㅎ 웃고 울고 재밌네요,10,7,0,2019-04-03 20:40:00,0
207,soundstory(disd****),옆에 와이프 손 꼬옥 잡고 펑펑울면서 봤네요,10,7,0,2019-04-03 20:03:00,0
208,tnru****,부모님 생각이 많이 나는 영화입니다..상영관 더 늘려서 많이들 보셨으면 좋겠습니다,10,7,0,2019-04-03 19:54:00,0
209,kdh8****,꼭 보세요...가족들과 함께,10,7,0,2019-04-03 17:06:00,0
210,bokd****,"온가족이 볼 수 있는 정말 감동적인 영화네요.우리 주변에서 흔히 볼 수 있는 치매 이야기를 사회적인 문제로 자연스레 잘 다뤘고...감동의 눈물은 보너스입니다.이순재, 정영숙 선생님의 치매 연기가 압권이고 찌질이 진수...",10,7,0,2019-04-03 15:39:00,0
211,yoy1****,현실과 같단생각에 마음이 무거워지는기분이여습니다,10,7,0,2019-04-03 15:10:00,0
212,가온(tmdv****),정말 남 일 같지 않은 스토리라 부모님 생각을 많이 하면서 봤습니다. 치매의 무서움도 다시 한번 깨달았습니다. 꼭 가족끼리 봐야하는 영화 추천합니다.,10,7,0,2019-04-03 14:57:00,0
213,min9****,"나 하늘로 돌아가리라. 노을빛 함께 단 둘이서 기슭에서 놀다가 구름 손짓하면은, 나 하늘로 돌아가리라. 아름다운 이 세상 소풍 끝내는 날. 가서 아름다웠더라고 말하리라. -천상병, 귀천-",10,8,1,2019-04-05 09:13:00,0
214,Sasha(sjsk****),상영관이 너무 적어서 영화보려고 서울왔는데 진짜 후회 안합니다ㅠㅠㅠ너무 슬프고 따뜻하고 부모님 생각나는 그런 영화.. 정영숙 배우님과 이순재 배우님 그리고 그 외 모든 배우님께 감사드립니다,10,6,0,2019-04-19 14:55:00,0
215,이기환(i962****),"인생영화입니다. 상업적 흥행 안될걸 알면서도 좋은영화 만들어준 감독님, 이순재선생님, 정영숙선생님, 조한철, 배해선, 이예원 배우들에게 박수를!!!",10,6,0,2019-04-14 10:04:00,0
216,난꽃이다(play****),아니 볼려고 하는데 개봉 9일만에 상영관이 없냐? 어우,10,6,0,2019-04-12 12:17:00,0
217,유댕(yuc1****),왜밑에있는지 알 수없는 영화.  한마디한마디가 나도 모르게 눈물이 주르륵 흐르는 영화.,10,6,0,2019-04-12 09:37:00,0
218,nice****,남편이랑 둘다 엉엉 울었음...,10,6,0,2019-04-11 16:38:00,0
219,ㅇㅇ(tkfr****),부모님이랑 같이 보고 펑펑 울었습니다,10,6,0,2019-04-11 15:58:00,0
220,냐하미(whdf****),"너무 늦은 황혼에서야 비로소 생각나게된 로망..서로를 더 사랑할 수 있는 계기가 되어줬던 노망은  어쩌면,로망을 다시 생각나게해줄  신의 선물이었을지도.. 우리들의 로망은 미래로 미루지 않기를",9,6,0,2019-04-11 01:16:00,0
221,afcd****,부모님께 잘해야겠다는생각이 들게하는영화였습니다,10,6,0,2019-04-11 00:06:00,관람객
222,우주맘(wjda****),"부모님,배우자.자식을 다 반성하면서 돌아볼수있는 인생 영화.  ㅠㅠ",10,6,0,2019-04-11 00:04:00,0
223,eled****,아무생각없이 봤고 그냥 눈물이났다,10,6,0,2019-04-10 23:58:00,0
224,answ****,감동적이었습니다. 감동 ㅠㅠ,10,6,0,2019-04-10 14:42:00,관람객
225,조은지(sem4****),정말 감동적인 영화였습니다. 앞으로 이런영화가 더욱 많이 나왔으면 좋겠네요.,10,6,0,2019-04-10 13:50:00,0
226,임주연(limj****),부모님이 많이 생각나는 영화,8,6,0,2019-04-10 11:12:00,관람객
227,안녕하세요(minm****),너무 좋아요 꼭 보세요 이게 진짜 최고입니다,10,6,0,2019-04-09 23:09:00,0
228,Start Over(jay_****),너무너무 재미있어요~~~ 부모님 생각나네요,10,6,0,2019-04-09 12:56:00,0
229,kkal****,슬퍼요 부모님께 효도를,10,6,0,2019-04-09 09:35:00,0
230,유니(youn****),"부모보다는,네 가정이 먼저라고...이 말에, 왈콱...생각나고 생각하게하는 영화",10,6,0,2019-04-08 23:58:00,0
231,김에스더(esth****),친구랑 둘이 보러가서 처음부터 끝까지 그냥 오열하고왔음 순재할배 연기 끝장나고 배우들 대사 한마디 한마디에 울음보 팡팡 터짐,10,6,0,2019-04-08 23:46:00,0
232,agtewarw(ajs7****),행복하게 연출되는 장면마저도 뭉클했고 시작부터 마지막까지 정말 몰입하고 정말 많이 울었습니다 좋은 작품 감사합니다,10,6,0,2019-04-08 23:30:00,관람객
233,qorf****,다시한번부모님의 소중함을 느꼏 습니다,10,6,0,2019-04-08 22:35:00,0
234,바둑이(49cy****),뭐니뭐니해도 부부사랑이 최고이고 살아생전에 서로 사랑하며 살아야한다는 좋은 내용으로 가슴 절절함.또 가족간에 어떤 사랑을 해야 되는지도 배울 수 있음.많이 울고 오는 영화임,10,6,0,2019-04-08 22:30:00,0
235,알티동궈(kdg1****),이것도 테러하는 인간이 있냐..,10,6,0,2019-04-08 22:12:00,0
236,ccrg(bewi****),혹시 치매에 걸리셨더라도 자살은 생각하지 마세요. 자식들은 부모님과 오래오래 같이 살며 보살펴 드리고 싶을거에요.,9,6,0,2019-04-08 21:59:00,0
237,윤디윤디(doro****),신혼부부 남편이랑 같이 손꼭붙잡고봤어요우리도 이렇게 늙자 여보,10,6,0,2019-04-08 17:50:00,0
238,정지희(ange****),잔잔하게 잘보았습니다,9,6,0,2019-04-08 15:13:00,관람객
239,phas****,중년시점에서 치열하게 살다가 한번인생과 부부관계를 생각하게 하는 영화네요 착하고 좋은 영화 감사 합니다,9,6,0,2019-04-07 19:34:00,0
240,아이스베어(kevi****),엄마 아빠 생각이 나서 보면서 많이 울었어요ㅠ 나중에 후회하지 않게 잘 해야겠어요ㅠ,10,6,0,2019-04-07 14:12:00,0
241,다보고있다(supe****),보는 내내 울었습니다. 정말 슬픕니다.,10,6,0,2019-04-07 13:58:00,관람객
242,안녕(clas****),가족과 함께 봤는데 꼭 보세요!,10,6,0,2019-04-07 13:53:00,0
243,상무복싱 황장군(hid3****),펑펑울었습니다. 부모님께효도를 그리고 가족들을 다시보게되는계기가된것같아요,10,6,0,2019-04-07 13:51:00,0
244,휴샘(goun****),좋은 영화 만들어 주셔서 감사합니다.,10,6,0,2019-04-07 13:45:00,0
245,필링(jmjm****),눈물이 주룩주륵ㅠㅠㅠ,10,6,0,2019-04-07 12:28:00,0
246,박은지(dksm****),부모님께 더 효도해야겠다는 마음과 가족의소중함 여러가지 깨달았어요..가족끼리 보기좋은 영화예요 정말로,10,6,0,2019-04-07 12:18:00,관람객
247,김찬은(xoxo****),꼭 보세요 배우분들 너무 감동적이에요,8,6,0,2019-04-07 11:16:00,0
248,호지(non_****),있을때 잘해 후회하지 말고,10,6,0,2019-04-07 02:05:00,0
249,jjk5****,우리들의 삶 누구나 치매에서자유롭지 못하기에 더 공감대가 느껴졌고가족과 함께보시면 더 좋을듯합니다좋은영화 너무 감사합니다님이랑 둘이서 손꼭잡고감상 잘했습니다,10,6,0,2019-04-07 01:35:00,0
250,ㅇㅇ(arey****),나의 노후와 부모님의 노후에 대해 생각해볼 수 있는 영화였다 돈많이벌자 ㅜㅜ,10,6,0,2019-04-07 01:32:00,관람객
251,jjim****,억지슬픔을 강조하지도 않았고 우리모두가 꼭 생각해봐야할 이야기를 담아낸 영화네요,10,6,0,2019-04-06 23:08:00,0
252,mike****,영화 갈때 손수건 필수 장난아님,8,6,0,2019-04-06 22:24:00,관람객
253,오오미(chee****),재밌게 잘 바써요. 상영관이 적어서 아쉽네요,8,6,0,2019-04-06 21:02:00,관람객
254,내안에영구있다(wowp****),실제로 일어날수도 있을것 같아서 공감했고누구에게나 일어날수 있음을 깨달았다,10,6,0,2019-04-06 20:59:00,0
255,RU(gg69****),치매로 돌아가신 외할머니가 생각나네여.. 병문안 갈때마다 심해지는게 느껴졌고 2년전 돌아가셨는데 같이 겪은 추억이 나한테만 남게된다는게 너무 슬픈일이죠.. 영화관수가 별로 없어서 아쉽네요,10,6,0,2019-04-05 22:47:00,0
256,Like(ccsy****),영화 보는 내내 웃다 울었네요ㅜㅜ 억지 감동이 아니라서 더 와닿았어요!,10,6,0,2019-04-05 21:59:00,0
257,핑크팬더(part****),제작자에게 박수 보냅니다...,10,6,0,2019-04-05 21:57:00,0
258,뿅(ymyd****),평점이 왜 안뜨죠? 표시가 안나오는데,10,6,0,2019-04-05 18:22:00,0
259,신현영(shy6****),가슴이 먹먹합니다~혼자 돌아볼수 있는 시간을 만들어주네요~,8,6,0,2019-04-04 23:07:00,0
260,홍혜경(wonv****),가슴저리도록 슬픈..그래서 더 가족의 소중함을 한번 더 느끼는 영화.오랜만에 마음놓고 울었습니다.,10,6,0,2019-04-04 19:43:00,0
261,아기겹(me03****),아들이 집에 돌아왔을때 그제서야 아버지가 치매에 걸리신걸 알고 112신고를 했을때..,10,6,0,2019-04-03 21:56:00,0
262,눈의여왕(mv79****),내 가족 내 사람들을 생각나게 하는 영화.,10,6,0,2019-04-03 20:48:00,0
263,꼭보면남자(lky4****),"소중한 것을 놓치고 살 때가 있다. 부디, 놓지 않기를.",10,6,0,2019-04-03 19:39:00,0
264,746d****,의미있는영화이고 눈물이나요 손수건이필요해요,10,6,0,2019-04-03 19:35:00,0
265,열(kdh0****),조부모님께 보여드리고싶네요,10,7,1,2019-04-07 03:33:00,관람객
266,ksc7****,오랜만에 감동적인 영화를 보았내요. 부모님께도 꼭 보여드리고 싶내요.,10,7,1,2019-04-03 14:26:00,0
267,acce****,슬퍼요..마니슬퍼요...역시~연기짱임다,10,5,0,2019-04-21 16:05:00,관람객
268,rain soda(clqk****),하나보다 둘이 낫지... 이렇게 좋은 영화가 상영관이 적다는게 너무 아쉽네요. 정말 좋은 영화에요. 과한것도 부족한 것도 없습니다.,10,5,0,2019-04-18 16:17:00,관람객
269,이인호(dlsg****),쓸데옵ㄱ는영화 상영관늘리지말고 이거나 좀 상영관 늘려주세요,10,5,0,2019-04-15 18:38:00,0
270,몽글몽글(jmk9****),시작할때부터 끝날때까지 엉 어울다가 눈물흐르는거 닦는게  몰입도에 지장있어서 그냥 흐르는 눈물 죽죽흘리면서 봤어요  기존치매영화하고 많이달라요 치매를 자연스럽게 받아들이는 두주인공 노부부....계속여운이 남는 영화예...,10,5,0,2019-04-15 11:28:00,0
271,돈벌자(jsst****),이순재님 계속 좋은 연기 부탁드립니다~,9,5,0,2019-04-14 15:58:00,0
272,김정권(qldp****),통영에는 상영을 안해서 거제 까지가서 보구 와ㆍㅆ네요  ..  영화는 좋았습니다..,9,5,0,2019-04-14 15:18:00,관람객
273,사랑미인(midl****),누구나 오는인생길에 한번쯤 삶을 돌아보는기회되어주신영화 감사드립니다.,10,5,0,2019-04-14 14:41:00,관람객
274,wlsd****,진짜 최고다 이영화 이게 왜 1위가 아닐까?,8,5,0,2019-04-14 14:31:00,0
275,관우운짱(dark****),인생영화~가까운 사람을 돌아 보게 하는 영화~화이팅~,10,5,0,2019-04-14 11:29:00,0
276,andyjongwonkim(andy****),로망을 찾아주신 모든 관객분들의 소망이 이뤄지길,10,5,0,2019-04-12 06:07:00,0
277,snik****,마음이 아파서 내내 눈물이..,10,5,0,2019-04-11 20:37:00,0
278,쩡시기형(feel****),소풍가듯 가족들과 잼있게 살자..,10,5,0,2019-04-11 15:55:00,0
279,김지은(43kj****),엄청 울었어요추천합니다,10,5,0,2019-04-11 08:10:00,0
280,kys2****,감동에 감동...가슴이  먹먹하고  우리네 모든 부모님.. 나아가  우리의 모습이려니 생각드니 생각이 많아지네요.,10,5,0,2019-04-10 21:38:00,0
281,김치맨(semi****),연기의 달인들께 박수를.정영숙님 티비에서도 자주 보기를요.,9,5,0,2019-04-09 16:14:00,0
282,leee****,상업적 영화에 빠져 영화 선택의 폭이 넓지 않은 현실이 안타깝죠.  자극적이고 강렬하고 판타지적 요소의 영화도 좋지만 현실에서 충분히 일어날 수 있고 또 돌아보게 만드는 영화 인 것 같습니다.  많은 분들이 봐주셨으...,10,5,0,2019-04-09 15:15:00,0
283,rokh****,상영관과 상연시간대가 뭐해서 그렇지 좋은 영화임에 틀림없습니다,10,5,0,2019-04-09 10:28:00,0
284,고준희(love****),엄마랑 보고싶어요 송탄에도 상영해주세요 ...너무 보고싶은데 상영하는곳이 너무 없어요 ㅠㅠ,10,5,0,2019-04-09 09:46:00,0
285,bugs****,정말 감동적인 영화네요 !! 잘봤습니다,10,5,0,2019-04-09 08:28:00,0
286,용접왕(limk****),이창근 감독님과 배우분들에게 감사합니다가족에 대해 다시 한번 생각하게 하고 많은 여운이 남게 하는 영화 인거 같습니다.,10,5,0,2019-04-08 22:53:00,0
287,손은비(dmdq****),눈물콧물 다 뺀영화꼭 한번 봐야하는 영화 강추,10,5,0,2019-04-08 21:31:00,0
288,피치(skaa****),진심 상영관 좀 늘려주세요!우리 엄마 아빠 생각이 너무 많이 나서 끝도 없이 울고왔네요.로망,10,5,0,2019-04-08 21:26:00,0
289,grac****,어쩌면 우리의 일들이  될거라는  생각이든다  치유될수 있는 의약이 빨리 나외야 겠다,10,5,0,2019-04-07 17:05:00,관람객
290,힘내영(jimi****),잔잔한 감동 좋았다~ 억지 눈물쌤 없어서 좋았다,8,5,0,2019-04-07 16:43:00,관람객
291,Howler(cani****),이순재 연기가 넘 빛나는 영화~,8,5,0,2019-04-07 15:42:00,관람객
292,wkals(rkgm****),부모님 모시고 보기엔 쏘쏘,8,5,0,2019-04-07 14:17:00,관람객
293,yong****,너무 감동적인 영화!! 부모님께 효도하고 싶어지게 만드는 영화네요~ 엄마아빠 생각 많이 나서 울었어요 ㅜㅜ,10,5,0,2019-04-07 14:13:00,0
294,noop****,마지막 해변에서의 장면은 영화 '노킹 온 헤븐스 도어'가 연상되어 여운이 컸습니다. 돈 안되는 영환데도 투자하신 충주 MBC 복 받으세요.,10,5,0,2019-04-07 10:32:00,0
295,gksk****,내미래 우리부모님의미래 우리사회의미래 ㅠ ㅠ 건강합시다,10,5,0,2019-04-06 01:26:00,0
296,이승현(wise****),부모님과 같이 보면 눈물을 안 흘릴 수 없는 영화 꼭 보세요!,10,5,0,2019-04-05 22:34:00,0
297,grace(dmsp****),말로표현이안됩니다 꼭 보세요,10,5,0,2019-04-05 21:55:00,0
298,하태균(spee****),이창근감독 수고하셨습니다,10,6,1,2019-04-03 15:56:00,0
299,씬리(firs****),베트남에 개봉해서 봤는데...눈물 콧물 줄줄...콧물 하도 닦아서 헐었네요.베트남 친구들도 모두 다 눈 팅팅 불어서 나옴.너무너무 감사해요. 영화 만들어주신 분들..꼭 조만간 친정 그리고 시댁과 같이 또 보러갈게요~...,10,4,0,2019-07-27 04:17:00,0
300,cbh0****,1시간 50분 상영에 1시간40분 울었네요.인생영화 너무 잘봤습니다,10,4,0,2019-05-11 03:43:00,0
301,도리도리(yonj****),보통 우울해지기 싫으셔서 이런 장르의 영화들을 잘 안보시는데 제가 영화를 거의 매주보는 사람으로서 말하자면 오히려 스트레스 많고 힘드실때는 이런 영화를 추천드려요. 우울할 때 일상에 지칠 때 한번 보시는 것을 추천드...,10,4,0,2019-04-30 14:13:00,0
302,동평기계(sikc****),앞으로 고령화시대 우리나라에서는이런상황과 현실들이 비일비재 할터~항상 한순간 순간 소중히 생각하시고 최선을다하시고 가장 가까운 사람에게 상처주지 마시고 타인에게 상처주지 마시고 누구든지 가시는 그날까지 후회없는 인생...,10,4,0,2019-04-28 02:51:00,0
303,lllx****,많은 생각을 하게 만드는 영화.장면마다 울컥하는 부분이 많아 엄청 울었어요.문뜩 떠올릴때마다 울컥합니다.,10,4,0,2019-04-27 18:28:00,0
304,쁘띠(qorb****),너무 울었다ㅠㅠ   이렇게영화가 슬퍼도 되나,10,4,0,2019-04-27 16:09:00,0
305,이우현(whle****),올해들어 제일 재밌게 본 영화.. 일년치 눈물 다 흘렸다,10,4,0,2019-04-24 21:59:00,관람객
306,곰솔(tuli****),너무나 현실적이어서 더 슬프고 감동적이었던 영화... 여운이 진하게 남네요...,10,4,0,2019-04-22 19:57:00,관람객
307,성현(seon****),상영관이 적어 아쉽지만 꼭 보러가세요 ㅠㅠ,10,4,0,2019-04-20 21:07:00,관람객
308,8ㅅ8(0921****),"보면서 소리내서 울고싶던 영화였고 끝났는데 여운이 진짜 많이 남아요 반갑다는 말이 그렇게 슬픈 말인지 몰랐고 후반부 쯤 이순재선생님, 정영숙선생님 눈빛이 안잊혀지네요 너무 좋은 영화인데 상영관이 없어서 속상해요 아직...",10,4,0,2019-04-17 21:37:00,0
309,Neef(kims****),영화 이렇게 만들면 반칙 아닌가요...??ㅠㅠㅠㅠ,10,4,0,2019-04-17 21:34:00,관람객
310,크흠(dgpa****),클라이막스에서 울음이 터지는게 아니라 보는 내내 눈물이 나던 영화.. 보고 또 보고싶은 영화에요ㅠ,10,4,0,2019-04-15 16:23:00,관람객
311,서이슬(wcxi****),너무 잘봤어요 또볼꺼에요,10,4,0,2019-04-14 17:37:00,관람객
312,경기ll그랑조(impc****),남잔데 영화관에서 화장실에서 혼자울었네요..운전하며 집에가는길에 또울었네요...,10,4,0,2019-04-14 17:06:00,0
313,이고은(rhdm****),너무 따듯한 영화입니다 꼭 보세요,10,4,0,2019-04-14 10:54:00,0
314,루루룰루룰(gr35****),"너무 감동이었어요 저희할머니,할아버지가 생각나서 그런지 너무 많이 울었습니다 전 너무 잘 봤습니다 가족의 소중함을 깨닫게 해주고 앞으로도 잘하겠습니다 이런 감동적인 영화를 만들어주시고 연기해주셔서 감사합니다 항상 응...",10,4,0,2019-04-14 10:19:00,0
315,유후(unig****),살아오면서 본 영화중 제일 가슴 아팠던 영화. 끝나고도 소리내 운적은 처음인가같다ㅠㅠ,10,4,0,2019-04-13 00:18:00,0
316,노정승(shwj****),"탄탄한 시나리오에서 나오는 두 배우의 명품연기~와이프랑 둘이보다가 눈물바다가 되어 버렸습니다.원안 기획자가 OO넘게 공을 들여 만들었다는걸 알기에...한순간도 눈을 뗄수 없었습니다.로망은 불란서 어로  ""이루...",10,4,0,2019-04-12 16:06:00,0
317,윤대진(minj****),?어디서  영화보라고  어디서 하는데 ?,10,4,0,2019-04-11 21:33:00,0
318,올리브(iski****),다시한번 삶을 생각해봅니다,10,4,0,2019-04-10 18:59:00,관람객
319,ewq1****,많은생각을 하게하는 영화입니다잘봤습니다,10,4,0,2019-04-10 14:52:00,0
320,forz****,"나에게 있었던,있는,있을  가슴시린이야기..로망 지금이라두 잘할수 있기를.소망 해봅니다.",10,4,0,2019-04-10 13:27:00,0
321,Park Kyungbae(eno0****),눈물 찔끔~영화 너무 좋아습니다,10,4,0,2019-04-09 18:24:00,0
322,흙(jyou****),눈물을 강요하지않는 자연스러운 이야기,8,4,0,2019-04-09 16:06:00,0
323,ihwa****,굿이요아싸루비아콜롬비아,10,4,0,2019-04-09 12:21:00,관람객
324,호날두(choo****),아 보고싶은데 상영관이 너무 적어요 ㅠ,10,4,0,2019-04-08 17:49:00,0
325,frv4****,부모님 보여드렸는데.. 많은 생각을 하게되신거같아요서로의 소중함을 더 알고 살아갔으면좋겠네요ㅎ,8,4,0,2019-04-07 21:04:00,관람객
326,수진(suji****),"진짜 감동,,,진짜 억지로 슬픔 이끌어내려고 하지않고 있는 그대로 현실을 보여준 것 같다. 생얼로 가서 맘 편히 울걸,,,",10,4,0,2019-04-05 22:45:00,0
327,김수정(4001****),부모님을 모시고 있고 나도 나이듬을 느끼기에 공감하는영화였네요...,8,4,0,2019-04-05 17:25:00,관람객
328,김미정(kimm****),내용이 정말 현실적이여서 더 슬퍼요 배우님들 명연기는 말해뭐해 ㅠㅠ 근데 연출이 중간중간 약간 연극스러워요 그리고 한가지 의문인건 왜 남봉은 현재와 연애시절 성격이 그리도 다른건가요...? 변화한 남봉의 모습으로 감...,9,4,0,2019-04-04 13:20:00,0
329,ㅋ(myjm****),눈물콧물 범벅입ㄴ다 ㅠㅠ,10,5,1,2019-04-09 18:23:00,관람객
330,yee(yoon****),진선규 부부 아니었으면 안 봤을 영화. 보는 내내남편이 아내 평생 고생시키고 자식까지 영향입게 했다는 것밖에 생각이 안들음.. 이게 로망인지 뭔지 모르겠다. 아내분 불쌍해서 질질 짰지만 울면서도 욕함.,8,5,1,2019-04-03 19:19:00,0
331,꼬마준혁지운맘(phj6****),가슴이 너무 먹먹하고 보는 내내 폭풍 오열했어요 ㅠㅠ이순재 선생님 오래오래 건강하게 연기하셨으면 좋겠어요!!,10,3,0,2019-08-03 23:32:00,0
332,롱다리(cccc****),아18진짜이런영화만들어가지고사람눈물콧물나게만드네.지금도가슴이찡하다ㅜㅜ,10,3,0,2019-06-28 11:03:00,0
333,김상희(dycc****),눈물 방출..  살아온 삶을 뒤돌아보게 하네요..이순재님 대사중 '이만큼 살았으면 죄값 많이 치뤘지..' 쉽지 않은 인생살이의 무게감이 느껴집니다. 앞으로 남은 인생은 어떻게 마무리를 해야 하나.. 고...,10,3,0,2019-06-23 15:31:00,0
334,bban****,"현실적으로 와 닿는 자연스런 스토리네요..연기자들의 연기력은 논할것도 없거니와, 그 처해진 상황이.ㅜㅜ 부모님 다시 한번 생각하게 만드는 영화네요.너무 슬프고 감동적이에요.두번은 너무 슬퍼 못보겠어요.",10,3,0,2019-06-17 23:53:00,0
335,웃자(nnr7****),최고예용 시간가는줄모르고 몰입했어요10번도 넘게 눈물이 주룩주룩ㅠ,10,3,0,2019-06-16 21:09:00,0
336,강동현(kdhc****),생각보다 재밌어서 놀람,10,3,0,2019-05-25 16:56:00,0
337,askl(askl****),강력추천합니다. 감명깊었어요 굳굳,10,3,0,2019-05-22 20:52:00,관람객
338,오현서(ohs9****),영화 참 잘 만들었어요 눈물이 나네요ㅜㅜ,10,3,0,2019-05-21 12:00:00,0
339,애교쟁이(hm90****),근데 이 영화.대박이에요 보는 내내 울었어요 1000만 관객도 아깝지 않는 영화인데 아쉽네요,10,3,0,2019-05-14 18:47:00,0
340,강태호(pure****),영화가 아닌 이제는 나에게 닥칠 현실이기에 더더욱 슬펐던 영화...,10,3,0,2019-05-12 00:28:00,0
341,박창민(ckda****),"눈물을 흘리다 못해 오열했습니다  눈이 퉁퉁 붓고 마음이 너무나도 쓰라린 영화,, 좋은 작품 감사합니다",10,3,0,2019-05-11 07:40:00,0
342,arie****,억지스럽게 만든 것 같지도 않은데 저절로 눈물이 나네요.,10,3,0,2019-05-08 21:14:00,0
343,쭈니여니파파(boba****),너무 슬프고....  느낀 게 많았던 영화에요.,10,3,0,2019-05-06 23:30:00,0
344,나나(skfo****),눈물이 멈추지가 않아요 치매로 요양원에 계시는할머니 생각때문에..평생 손톱이 빠지시도록 자식뒷바라지 한다고 생선파는일만 하셨었는데할머니 인생이 너무 슬퍼요,10,3,0,2019-05-06 01:14:00,0
345,쏘일쏘일쏘일쏘일(sohy****),정말 여운이 가슴속 깊이 남습니다. 슬픔을 억지로 만들어내지도 않았는데 미친듯이 울었습니다ㅠㅠ 명품연기에 정말 박수를 보냅니다.!! 크레딧 올라갈 때 나와서도 감정이 가시지 않아서 마음이 좀 힘들었어요..ㅋㅋ,10,3,0,2019-05-06 01:02:00,0
346,배거파(dmsd****),생각이 정말 정말 많아지는 영화있을때 잘하자 라는 말이 생각나는 영화교훈을 많이 받는 영화부모님 생각나는 영화 슬픈건 알고 봤지만생각이상으로 너무 너무 슬프고 한편으로는 따뜻하다!,10,3,0,2019-05-03 00:29:00,0
347,손원정(batm****),"슬픈거 알고봤는데 막상보니 너무 슬프네요이순재,정영숙님 존경합니다그리고 감사드립니다",10,3,0,2019-05-01 18:13:00,0
348,최무결(sera****),부부끼리 보면 좋을 영화,10,3,0,2019-04-30 15:42:00,0
349,기린(then****),뻔한 영화에 뻔한 스토리지만 이거보면 눈물 콧물 다 흐르는 자신의 모습을 보게 될거임. 보고나면 생각이 많아지는 영화임,9,3,0,2019-04-30 12:55:00,0
350,조수아(zhao****),"아버지,어머니 생각에 눈물이 끊이질않네요~~~",10,3,0,2019-04-30 12:14:00,0
351,메리제인(prin****),정말아름다운영화입니다,10,3,0,2019-04-30 03:41:00,0
352,신태선(tlsx****),너무 감동적인 영화였어요 ~~,10,3,0,2019-04-29 23:43:00,0
353,한결같이(theo****),영화 보는 내내 가슴이 먹먹해지네요.. 우리가 겪을수 있는 일들이라 더욱 맘 아프게 봤습니다. 가족과 부모님을 다시 한번 생각하는 기회가 되었습니다. 그리고 배우들도 최고입니다.이런영화는 잘 되야하는데. 감사하네요....,10,3,0,2019-04-29 15:39:00,0
354,Crong(hoon****),초고령 사회 진입 영향으로 노인문제가 앞으로 사회의 큰 이슈가 될터인데 예고라도 하듯치매부부가 서로를 의지해 가며 살아가는 이야기인데 영화를 보고난 후 몇OO 후 나의 모습이 아닐까? 하는 생각이 들며 씁씁해지기까지...,8,3,0,2019-04-29 15:28:00,0
355,사과합니다요(chsw****),간만에 눈물콧물다뺐네,10,3,0,2019-04-28 23:07:00,0
356,윤석주(appl****),아니 정말 너무너무 보구 싶고 부모님이랑 같이 영화관 가서 보고싶은데 상영하는 곳이 너무 적어요.. 늘려주세여...,10,3,0,2019-04-28 03:18:00,0
357,레이(raym****),많은 생각이 드는 영화네요. 정말 감명깊게 봤습니다. 마음을 울리는 영화 잘봤습니다.,10,3,0,2019-04-27 19:04:00,0
358,김민승(kimm****),슬프고 감동적인 영화 흥행은 못했지만 웬만한 천만관객 영화보다 훨씬 좋은영화다.,10,3,0,2019-04-26 04:04:00,0
359,정연(juky****),얼마나 많이 울었는지 모릅니다ㅠㅠ,10,3,0,2019-04-22 17:17:00,0
360,jun7****,영화가. 잔잔해서 좋앟네요억지로. 비관적이게. 만들지않고적절한. 감동을. 주었네요,10,3,0,2019-04-21 18:24:00,관람객
361,오유진(bran****),"할아버지 할머니 생각나서 더 울었네요,, 출연진 분들도 오래오래 건강하세요! ㅠㅠ",10,3,0,2019-04-17 23:58:00,0
362,갱(ijia****),마음 아프지만 꼭 봐두었으면 하는 영화네요..,9,3,0,2019-04-17 22:56:00,관람객
363,리틀아리(poki****),반가워~ 반가워란 말이 그렇게 슬픈지 몰랏네.,10,3,0,2019-04-17 18:45:00,관람객
364,크러슁(vldn****),"처음에 이름 불르자마자 울었어요,,너무 재밌어요",10,3,0,2019-04-17 18:29:00,0
365,안또치(lees****),"이런 영화를 큰 영화관에서 많은 사람들이 볼 수 있어야 한다!!! 연기도 연기지만, 내용이 날 너무 슬프게 만들었다 ㅜㅜ",10,3,0,2019-04-16 09:10:00,0
366,89ks****,소소한 웃음들 뒤에 묵직한 감동이 있는 영화. 배우들의 압도적 호연이 돋보였다. 들어가기 전에 울지 않겠다 다짐했지만 배우들의 빼어난 연기에 눈물이 나고 말았다. 40년이 넘는 연기 내공이 어떤 것인가를 증명한 영화...,10,3,0,2019-04-16 09:00:00,0
367,vase****,보는 내내 가슴 따뜻했습니다 . 미온의 영화,10,3,0,2019-04-15 21:53:00,관람객
368,Jinu(rese****),마음을 다독이는 눈물을 흘리고 왔네요.고맙습니다...,10,3,0,2019-04-15 14:43:00,0
369,로니고(ssoo****),ㅜ많은생각을하게되는,10,3,0,2019-04-15 10:15:00,0
370,SOO(feel****),뭉클하고 울컥하고 현실감있는 로망,8,3,0,2019-04-14 19:10:00,관람객
371,효밥(2ne1****),최고에요...꼭보고 두번보세요!,10,3,0,2019-04-14 18:40:00,관람객
372,곽온유(hion****),다소 투박하게 그려진 면이 있지만 정말 좋은 영화입니다. 집 가면서 엄마 생각이 절로 나서 바로 전화드리고 아빠랑 같이 보시라고 바로 예매해드렸어요. 상영관이 너무 없는 것 같아 아쉽네요.,9,3,0,2019-04-14 17:45:00,0
373,뉴욕니익(jahk****),너무 슬퍼요... ㅠㅠ,8,3,0,2019-04-14 16:31:00,0
374,링링앤워니(imri****),눈가가 촉촉해지고 가슴이 먹먹해지는 영화네요~,8,3,0,2019-04-14 14:20:00,관람객
375,르로이 사네(jihu****),잘봤습니다 상영관이 너무 없어 찾아다녀서 봤네요,10,3,0,2019-04-13 14:23:00,0
376,정솔지(solj****),이순재님 역시 믿고보는배우십니다 최고에요 멋진영화였어요,10,3,0,2019-04-13 00:35:00,0
377,냥먕냥(eunj****),보는내내 마음이 아프네요 남의 이야기가 아니라 내이야기가 될수있어서 더 마음이파았어요,10,3,0,2019-04-12 19:23:00,0
378,나윤희(amm0****),부푸가보면 좋아요. 노후생활도움이될것같아요,10,3,0,2019-04-12 18:31:00,0
379,버담소리(poon****),아들 며느리보면서 욕나오는 영화!부모공경하라는  메세지!너도 늙어서 치매안걸리나봐라.. 속터지는 아들 며느리..부모공경하자..공격말고!,8,3,0,2019-04-05 23:51:00,0
380,권유준(oskk****),눈물나게 감동적이고 오랜만에 벤틸레이션이 되는 아주 좋은 영화 라고 생각합니다.,10,3,0,2019-04-03 17:46:00,0
381,미남이네요(mark****),이니셜 순재(아는분만 암)ㅋㅋ,10,3,0,2019-04-03 16:18:00,0
382,저가인생(9vir****),지난 날을 돌아보고 앞 날을 바라보게 되는  영화.,10,4,1,2019-04-03 19:10:00,0
383,도리도(comp****),스포일러가 포함된 감상평입니다. 감상평 보기,6,2,0,2020-02-08 20:28:00,0
384,topbound(wkae****),자기인생과 사랑하는 사람들을 돌아보게 만드는 영화,10,2,0,2020-01-29 16:15:00,0
385,찌나신랑(copt****),아 눈물이...주르르르륵,10,2,0,2019-11-13 00:54:00,0
386,정시안(jej2****),진짜 내 인생 역대급으로 많이 운 영화이다,10,2,0,2019-09-07 11:02:00,0
387,장윤희(love****),오열.. 부모님께 잘합시다,10,2,0,2019-09-07 03:02:00,0
388,양승호(96_0****),이 영화 만약 5월초. 어버이날에 개봉 했으면 더 좋았을 것 같다.부모님 결혼기념일과 어버이날이 5월초에 있어서 꼭 보여드리고 싶었는데. 주변 영화관은 다 내렸더라. 만약 기회가 된다면 어버이날이나 추석같은 가족들과...,9,2,0,2019-08-28 00:06:00,0
389,바트론(bart****),너무 극단적이지만 충분히 일어날 수 있는 일이라는게 슬프다... 순재옹 연기력은 정마류,8,2,0,2019-08-07 00:22:00,0
390,두두(lhd0****),진자 ㅠㅠㅠ 대박영화 입니다 .. 연기부터 내용까지,10,2,0,2019-08-01 23:59:00,0
391,동리(hjw7****),그냥보세요무조건보세요,10,2,0,2019-07-31 18:31:00,0
392,dbeh****,최고의영화처음부터끝까지 오열했습니다,10,2,0,2019-07-28 17:45:00,0
393,찡그려봐(ghkd****),처음에는 지루했는데 후반에 배우들 연기력과 킬링파트 터지면서 너무 너무 좋게 봤습니다. 정말 슬프고 좋은 영화네요 ..,10,2,0,2019-07-17 12:28:00,0
394,바니바니바니바니(autu****),정말 좋은 영화인데 흥행을 못해서 아쉽다,8,2,0,2019-07-07 21:04:00,관람객
395,RAI(hele****),한번쯤 부모님 또는 배우자와 봐야할 영화 같아요,10,2,0,2019-07-04 15:21:00,0
396,옆집몸짱오빠(ki_l****),"둘이서 쌍으로 로망... 훗,",8,2,0,2019-06-26 00:40:00,0
397,혜민(ge75****),ㅠㅠ너무 슬퍼요 ㅠㅠ아프지말기 정말,10,2,0,2019-06-22 02:12:00,0
398,최광(cdrw****),오늘도 다짐한다난 크고많은거 해드린다고 말만하지않고 자주 조금씩이라도 해드릴꺼다 크고 많은건오래 걸리니 아부지처럼 가버릴수 있으니 어무니께만이도  ....,10,2,0,2019-06-16 11:52:00,0
399,thjj****,"너무감동받았어요""별루기대반반하고받는데감정이복받쳐서눈물코물짜면서봤어요이런영화가상받아야할영환데너무아쉽네요",10,2,0,2019-06-14 05:30:00,0
400,우동(tlsf****),정말 정말 많이 울었습니다..ㅠㅠ 너무 좋은 영화인거 같아요 ㅠ,10,2,0,2019-06-13 22:19:00,0
401,안빈낙도(smil****),펑펑 울었어요 감동..,10,2,0,2019-06-09 05:19:00,0
402,영이(wan_****),이 영화를 보면서 감동을 많이 먹었어요. 배우자분들의 대단한 연기력이 우리에게 많은 것을 전달하셨어요. 진짜 볼만한 영화이에요.,8,2,0,2019-06-07 02:18:00,0
403,해피영(happ****),인생영화에요. 보고 나서도 여운이 많이 남아요. 두분 연기는 말할것도 없구요 짜여진 스토리가 아닌 그냥 우리들 이야기에요. 평점 100점 주고 싶어요.,10,2,0,2019-06-07 01:02:00,0
404,정관영(jrhk****),ㅠㅠㅠㅠ슬프다 치매 슬퍼,10,2,0,2019-06-06 00:52:00,0
405,ll52****,잘 봤습니다 감사합니다.,10,2,0,2019-06-05 02:05:00,0
406,최꼬미(cyou****),정영숙님 쓰러졌을 때 연기 정말.. 그 잠깐 연기가  와,10,2,0,2019-06-03 21:11:00,0
407,시들지않는꽃(aita****),너무 잘 봤습니다. 앞으로의 나의 마음가짐을 잡도록 해주었어요.,10,2,0,2019-05-31 16:26:00,0
408,qqlh****,여운이 많이 남는 영화입니다. 슬픈 만큼 아름다운 영화,10,2,0,2019-05-31 02:57:00,0
409,몽클레어(www_****),그냥... 눈물만 계속 눈물만난다,10,2,0,2019-05-30 16:11:00,0
410,eks(ekso****),와밖에안나옴래알ㅋㅋㄱ,10,2,0,2019-05-29 19:15:00,0
411,김현우(qa10****),눈물 없이 볼 수 없는 감동스토리였습니다.꼭 한 번 보셨으면 좋겠습니다.,10,2,0,2019-05-29 15:26:00,0
412,dltm****,감명깊게 봤습니다!!!,10,2,0,2019-05-29 15:25:00,0
413,Geronimo(yssy****),"오늘 영화받는데, 진짜 감동 그체받은감동을 설명을 못하겠네",10,2,0,2019-05-29 14:39:00,0
414,nature(cine****),좋은 영화네요. 따스한 감동이 밀려오는 귀한 작품.,10,2,0,2019-05-29 07:41:00,0
415,손창빈(sonc****),눈물이 쉴세없이 터져나오네요,10,2,0,2019-05-28 15:12:00,0
416,dmse****,억지로 짜내는 영화가 아니라 현실적이라..보는내내 가슴이 먹먹하고 눈물이...너무 잘봤어요.부모님께 잘해야겠다는 생각을 합니다.요근래에 본 영화중에 최고예요.,10,2,0,2019-05-21 01:47:00,0
417,zephyr(tn99****),계실 때 잘 합시다~!!,8,2,0,2019-05-16 23:46:00,0
418,여신(dami****),상영하는곳이 없어서 안타깝네요,10,2,0,2019-05-16 11:38:00,0
419,bej9****,너무 감정이입해서 봤어요.,10,2,0,2019-05-14 20:41:00,0
420,손성현(soni****),명품연기에 박수를 보냅니다.,10,2,0,2019-05-12 14:40:00,0
421,두천사빠(co32****),"이순재선생님이""치킨주세요"" 할때 소름이..와..",8,2,0,2019-05-12 03:10:00,0
422,렌치코(o_oi****),아 효도해야지..ㅠㅠ,10,2,0,2019-05-12 00:35:00,0
423,dyda****,정말좋은영화다.  왜관객이 외면했는지 이해불가함.,10,2,0,2019-05-11 18:11:00,0
424,shining5(shin****),부모님께 잘 해야겠다. 그리고 남편과도 행복하게 살아야겠다.,10,2,0,2019-05-10 22:26:00,0
425,정하린(haar****),"믿고 보는 배우님들 ,, 오래오래 명품연기 보여주세요~",10,2,0,2019-05-10 00:59:00,0
426,tlsd****,영화 잘만들었네요  보는내내짠합니다,10,2,0,2019-05-09 20:28:00,0
427,비트운(beat****),눈물이 주루룩....,10,2,0,2019-05-08 13:44:00,0
428,임민석(ijg5****),감동 그자체네요~ㅜ근데ㅡ여기ㅡ해안도로나ㅡ바닷가 아시는분 있으세요?~~~,10,2,0,2019-05-07 14:41:00,0
429,용구리(kay1****),가슴이 먹먹해지는 영화입니다 홀로 계신 할머니 생각에 눈물 펑펑 쏟았어요 멋진 연기 감사합니다,10,2,0,2019-05-06 15:01:00,0
430,진주피그(nara****),"현재,직면하고 있는 우리들의 현실을 잘 보여준 드라마~~",7,2,0,2019-05-06 13:54:00,0
431,빨간펜(twog****),정말 꼭 봐야 될 영화울 아빠도 치매로 돌아가셨거든요아빠 생각에 너무 마음이 아파요,10,2,0,2019-05-06 06:39:00,0
432,tmdw****,정말감동이네요..ㅠ,10,2,0,2019-05-06 00:10:00,0
433,아칼리나(naha****),"꼭 보세요. 아직 젊어서 부끄러웠고, 지난 과거에 대한 그릇때문에 더 괴로움을 알게 되었습니다. 그리고 이때까지 저를 반성하게 만든 영화 감사합니다. 이 영화를 보고 주변 사람들에게 잘 해야겠다는 생각이 듭니다.",10,2,0,2019-05-05 20:33:00,0
434,Jason Kim(nkk8****),영화보고 잘 안우는데 이거보고 여친앞에서 눈물 홍수터짐...ㅠㅡㅜ.,10,2,0,2019-05-05 19:51:00,0
435,오우옹(ksue****),마음이 먹먹해지는 영화였습니다. 상영관이 조금 더 많았으면하는 아쉬움이 진하게 남습니다. 많은 가족들이 겪는 일이라 더 이입이 됐네요. 보면서 부모님 생각도 나고 많이 울었네요. 이런 영화 만들어주셔서 감사합니다.,10,2,0,2019-05-05 18:20:00,0
436,Pil Jae(woan****),슬픔이라는 말로 다 표현할 수 없는 작품..,10,2,0,2019-05-05 06:02:00,0
437,처음처럼(ij02****),50대 중반인데 영화보면서 많이 울었습니다.부모님 모두 치매와서 어머니는 돌아가시고 아버지는 요양원에 계십니다.중장년층은 꼭 보시길 바랍니다,10,2,0,2019-05-04 19:45:00,0
438,nobe****,감사합니다. 많은 감동과 많은 생각을 하게 해주셔서요..,10,2,0,2019-05-04 18:34:00,0
439,wt11****,"영화 너무 좋았습니다.. 이순재, 정영숙 배우님 연기또한 너무 좋으셨고, 많은 생각을 하게 만드네요.. 추천합니다",10,2,0,2019-05-04 13:52:00,0
440,올리브그린(hyuk****),눈물짜내는 뻔한 스토리일꺼라고 예상하고 갔지만알고 갔어도 기꺼이 눈물 흘리고말았다...,8,2,0,2019-05-03 11:44:00,관람객
441,나는야수험생(zhen****),굿 너무슬퍼 죽는줄알았다 쥬륵,10,2,0,2019-05-03 09:09:00,0
442,KJH(rlat****),별점이 왜이리 낮은지 이해를 못하겠다우리 할머니 할아버지생각나서  너무 슬프고좋은 영화였다  다시한번 이영화를 만들어주신분들께감사합니다,10,2,0,2019-05-03 01:59:00,0
443,지렁이꿈틀꿈틀(rude****),정말엄청울면서봤어요 .. 감사합니다 영화만들어주셔서,10,2,0,2019-05-02 02:14:00,0
444,보리쁘니(soul****),아~ 가슴이 너무 따뜻해지는 영화이네요,10,2,0,2019-05-01 16:46:00,0
445,김첨지(robo****),시작부터 이순재쌤이 버럭버럭 소리 지르시길래 코미디인줄 알았는데 눈물나게하는 영화였네,10,2,0,2019-05-01 00:08:00,0
446,정아르퀴임(kimj****),하하ㅜㅜㅜㅜ 진짜 못보겠다ㅜ 그냥 몇초만봐도 눈물나ㅜㅜㅜ진짜ㅜㅜㅜㅜ하ㅜㅜㅜ,10,2,0,2019-04-30 16:34:00,0
447,핸메리(dudw****),진짜 눈물쏙빼네요...,10,2,0,2019-04-29 23:13:00,0
448,a109****,두 주연배우님들이 연기가 좋아서 몰임감 있게 봤읍니다.돌아가신 할머니가 생각나게 하네요.,7,2,0,2019-04-29 19:21:00,0
449,멋쨍이(kill****),아버지가 치매환우입니다. 극적내용이 너무 빠른건지 아니면 원래그런건지? 저희 부모님은 이렇게 극적 치매는 오지않고있습니다. 외출가셨다  정신 놓고 길 잃는정도입니다.  뻔한스토리  눈물짜는 스토리이긴하나 주말에  아...,8,2,0,2019-04-29 10:36:00,0
450,김수정(rlat****),많이 울면서 봤습니다.상영관이 많이 없어 너무도 아쉬워요.영화 끝나고 집에와서 씻고 누웠는데도 여운이 깊게 남네요,10,2,0,2019-04-29 01:13:00,관람객
451,JIU TEO 빠(baby****),어머니께서 잘 보셨다고“할머니” 우셨다고ㅠㅠ,6,2,0,2019-04-29 01:05:00,관람객
452,같이걸을까(only****),그런영화입니다.그럼에도 눈물이ㅜ,6,2,0,2019-04-28 23:51:00,0
453,김이 곤(kiml****),"보기 전에도 후에도 뻔하다 생각했는데 눈물 콧물은 계속 주룩 주룩_ 이순재, 정영숙 배우님의 다양한 연기 계속 많이 봤으면 좋겠다!",8,2,0,2019-04-28 21:28:00,0
454,vjfl(moon****),"이렇게 울면서 본 영화 처음이다 진짜,,,,다시 또 보고싶고 진짜 봤음에 감사하다ㅠ",10,2,0,2019-04-28 17:20:00,0
455,아이난멋지다(acpz****),안울려고했는데 마지막으로 갈수록 안울수가없었습니다ㅠㅠ아 참 그리고 이순재 배우님 굉장히 멋있으시고 정영숙배우님은 정말 제일 아름다우신것같습니다. 명품연기 감사합니다.,10,2,0,2019-04-28 16:43:00,0
456,ApostleJun(yoha****),우리 삶을 되돌아보게하는 가음아픈 영화..,10,2,0,2019-04-28 15:25:00,0
457,꽃쑤진(syri****),너무 가슴 아팠고 보는내내 눈물 흘리면서 봤어요...,10,2,0,2019-04-28 13:57:00,0
458,푸른불(adiv****),가족중 치매환자 있어보면 여실히 느껴진다,7,2,0,2019-04-28 13:36:00,0
459,스타(wlst****),펑펑 울었다 감동적인 영화였다ㅠㅠ,10,2,0,2019-04-28 13:20:00,0
460,재미사마(park****),"로망, 이룰순 없는 먹먹함",8,2,0,2019-04-28 02:12:00,0
461,대쮸(limh****),머리가 아플때까지 울면서 봤네요ㅠㅠ,10,2,0,2019-04-28 00:27:00,0
462,Amy(amys****),저모습이 내 모습이 될수도 있습니다,10,2,0,2019-04-27 06:54:00,0
463,yjh4****,영화 정말 좋네요 배우분들 연기도 좋고 어디하나 나무랄데없이 좋았고 근래들어 본 영화중 가장 감동적이고 지루할틈없이 잘 봤습니다,10,2,0,2019-04-27 06:46:00,0
464,Bonnie(yeji****),꺼이꺼이 울다 왔어요 내용도 내용이지만 먼 미래에 내 부모님도 그러면 어쩌나 덜컥 현실에대한 겁도 났던 영화입니다,10,2,0,2019-04-27 03:18:00,0
465,미키형아(tjdw****),이 영화 잼있으면 추천재미없으면 비추천,10,2,0,2019-04-26 23:13:00,0
466,gold****,영화가 끝나고 앤딩크레딧 에서도 눈물이 났다..,10,2,0,2019-04-26 06:54:00,0
467,햐빙(dkff****),진짜 엉엉울었습니당ㅜㅜㅜ너무 감동적이예요!,10,2,0,2019-04-26 01:01:00,0
468,summ****,정말 오랫만에 울었습니다,8,2,0,2019-04-23 10:50:00,0
469,냥이(yaoo****),연기며 스토리며 모두 좋았어요 시부모님 모시고 저희 부부같이봤어요ㅎ,10,2,0,2019-04-18 22:24:00,0
470,TMFE(ocne****),언젠가 나에게도 올지 모르는 나이듦. 그리고 희미하게 잊혀져 가는 기억들. 마음 한켠이 아리면서도 아름다운 영화입니다. 시사회에서 봤는데 흥행하지 못할거라는 예상을 했는데 역시 흥행하지 못했네요. 대중성이 있는 스토...,8,2,0,2019-04-17 22:56:00,0
471,frie****,따뜻한 영화에요.부모님을 생각나게 하는 영화네요,8,2,0,2019-04-16 23:59:00,관람객
472,뻐삐롱(doda****),이순재님  참   멋져요    잘봤습니다,10,2,0,2019-04-16 16:30:00,0
473,귐요민(a010****),슬프고 부모님생각난다,10,2,0,2019-04-15 08:34:00,0
474,꾸담담(mini****),가슴이 먹먹해지네요. 돌아가신 조부모님과 곁에 계신 부모님과 앞으로의 나의 인생에 대해 생각하게 만든 영화,10,2,0,2019-04-14 23:41:00,0
475,Been(wndn****),가족과 함께 보세요. 좋은 영화입니다.,10,2,0,2019-04-14 21:25:00,0
476,김형민(sank****),예고편만봐도 너무 슬퍼요 ㅠㅠ,10,2,0,2019-04-10 22:07:00,0
477,vhzj****,행복하자모두들 아프지말고,8,2,0,2019-04-10 17:22:00,관람객
478,chos****,이 세상에 태어나 모두가 피해자뿐인 먹먹한 영화,8,2,0,2019-04-10 09:52:00,관람객
479,빡땅(wpss****),이 영화에 1점이라고 하는 사람은 3중 하나다-감정이 없는 싸이코패스-사랑을 못받은 불쌍한 사람(부모님포함)-가정학대를 심하게 받은사람나는 개인적으로 인생영화라 생각함!!,10,3,1,2019-08-04 23:29:00,0
480,아투(gudq****),이런 좋은영화좀 많이 나와야 하는데 ㅠㅠ,10,3,1,2019-04-27 20:16:00,0
481,박정은(pje7****),진짜 꼭 보세요??.자식분들 이라면 꼭 봐야 하는 영화입니다??. 저의 인생영화네요??. 진짜 너??무?? 감동 이고 아직도 여운이 남네요??.,10,3,1,2019-04-27 10:28:00,0
482,시아꽃(chlt****),,10,1,0,2020-04-29 02:46:00,0
483,잉앵웅(stky****),,10,1,0,2020-04-27 04:43:00,0
484,불량주부(hj67****),티비에서 봤어요 너무 감동적이지만 생각이 많아지는 영화네요,10,1,0,2020-04-02 11:24:00,0
485,마장난하나(salm****),이순재선생님과 다른 선생님들 연기에 감탄했어요. 정말 연기를 잘하셔서 몰입해서 보니라고 눈물 펑펑 .... 구박만 해서 미안햇다는 말이 너무나도 슬프네요. 부부의 연은 질기고 질긴가봐요.,10,1,0,2020-03-15 04:14:00,0
486,hope****,,10,1,0,2020-03-11 20:29:00,0
487,hyundee(nhj9****),"이순재 선생님과 정영숙 선생님 연기 너무 감동이고 스토리도 너무 슬프고 눈물나요 ㅠㅠㅠㅠ이런 멋진 연기, 영화 만들어주셔서 너무 감사해요! 가족의 소중함과 중요성을 알게 해주는 영화 ㅠㅠㅠㅠ정말 오랜만에 펑펑 울었...",10,1,0,2020-03-07 06:04:00,0
488,드림이(ghks****),정말 잘 만들었다.,10,1,0,2020-01-22 17:50:00,0
489,eena****,두 배우님들 연기가 정말 좋았어요. 꼭 한번쯤 봐야하는 영화.,10,1,0,2020-01-04 14:23:00,0
490,푸른우표(wjdd****),가족에 대해 많은 생각을 해주는 영화,9,1,0,2019-12-27 21:47:00,0
491,샌드위치(qlsj****),잘만들었다를  논하기보다는  보면서  공감하고  울수밖에 없었습니다.저는  자식입장에서  두렵고  마음아파하며  봤지만  부모님이 저영화를  보신다면  어떤생각을  하실지도  같이  생각해보게  되는영화였습니다.,9,1,0,2019-11-26 02:00:00,0
492,은주(qktl****),우리엄마도 고생만 하시다 가셨네 엄마 사랑해요,10,1,0,2019-11-24 10:33:00,0
493,YURA(ajaj****),이런게 영화구나 싶었어요. 개인적으로 제가 좋아하는 두 배우분들이 나와서 너무 좋았고 연기는 말할것도 없이 좋았어요ㅠㅠㅠ 두분 모두 오래오래 건강하셨으면 좋겠어요 ㅠㅠ이런영화만들어주셔서감사해요 감독님ㅠㅠ,10,1,0,2019-11-22 12:20:00,0
494,rud(rudf****),영화 보고 소리내면서 펑펑 운 영화는 이거밖에 없는거같아요 많은 생각을 하게 되는 영화였습니다.,10,1,0,2019-11-18 09:14:00,0
495,지상낙원(sere****),마지막 이순재 선생님의 눈물은 아마도 이시대 모든 아버지들의 눈물인거 같아요 저도 보면서 흐느끼면서 울어본건 태어나서 처음인거 같습니다 돌아가신 아버지의 모습이 떠올랐어요 ㅜㅜ,10,1,0,2019-11-13 12:46:00,0
496,청개구리(euro****),예전엔 그냥 노망이라 했지요. 이걸 로망으로 잘 그려낸 영화입니다. 너무 질질 짜지않고 잔잔하고 담담하게 잘 표현했어요. 덕분에 재미난 영화는 기대하시면 안되겠지요.,7,1,0,2019-10-04 02:42:00,0
497,김서현(ekqo****),너무 감동적인 영화.. 펑펑 울었습니다,10,1,0,2019-09-04 02:31:00,0
498,정민(w454****),보는 내내 울었다  영화 끝나는 마지막에서도 울컥해서 계속 눈물남,10,1,0,2019-09-02 01:36:00,0
499,보미(qha0****),"정말 정말 영화 후기 한번도 써 본적 없는데가슴 따뜻한 영화이기도 하고,, 먹먹 했어요,,보는 내내 계속 오열 해서 얼굴이 호빵맨이 되었다는,, ㅠㅠ 정말 감동의 영화였습니다.이게 어째서 더 흥행이 되지 않았는지 의...",10,1,0,2019-08-10 06:32:00,0
500,떡볶이(ahdi****),아직도 한번식 생각나요..ㅠ,10,1,0,2019-08-07 22:34:00,0
501,전지적스포츠참견시점(leet****),사랑한 후에 남겨질 것들에 집착하지말자.. 이들의 로망처럼,10,1,0,2019-08-02 17:12:00,0
502,함날두짱(hhj1****),인생말년의 가슴아픈 현실에 눈물이 흐르고부모님 생각에 또 눈물이 흐르고내 인생을 돌아보게 한 정말 잘 만든 영화~~가족의 소중함과 어떻게 인생을 살아가야겠다고 느끼게 해준 가슴 뭉클한 영화~~~이런 영화가 왜 흥행에...,10,1,0,2019-08-02 00:30:00,0
503,황진호(hjhh****),재미있었어요 연기자분들도 최고~,10,1,0,2019-07-27 13:32:00,관람객
504,rkda****,저희 할머니도 치매인데 집에서 모시고있어요답답함 속상한 마음이 컸는데 이영화를 보고 할머니의 심정을 이해할수있었습니다할머니 생각에 정말 많이 울었네요더 따뜻한시선으로 보살펴드려야겠어요영화 제작해주셔서 감사드립니다,10,1,0,2019-07-21 11:40:00,0
505,가(yuji****),내 인생 최고로 슬픈 영화..노부부로서 겪어야하는 불가피한 상황에 담담히 받아들여야한다는 슬픔..극적으로 엄청 꾸미지 않고 시나리오를 잔잔히 풀어나가는게 마음엔 돌덩이를 부둥켜안은느낌이었습니다 눈물이 계속 흐르고.....,10,1,0,2019-07-19 18:38:00,0
506,아녜스의노래(fim8****),"아버지, 어머니 너무 죄송해요.. 그리고 감사해요 ㅠ",10,1,0,2019-07-18 23:56:00,0
507,qwerty(krug****),장르에 충실한 담백한 영화,8,1,0,2019-06-05 22:46:00,관람객
508,saeh****,너무 잘봤습니다!!!,10,1,0,2019-05-29 15:25:00,0
509,rhsk****,마음이 아프네요..멋진배우분들의 멋진연기..다시한번 감탄합니다,8,1,0,2019-05-20 00:31:00,0
510,이상재(toto****),진짜 인생영화입니다. 이런영화 만들어주셔서 감사합니다.,10,1,0,2019-05-17 15:52:00,0
511,그레이스(main****),누구나 한번 밖에 없는 인생인데 마음대로 되지 않는건 신의 섭리인것 같습니다.넘 슬퍼서 울고 있답니다.저에게 로망이 있다면 지금처럼 주안에서 행복하게 살기를 기대해 봅니다.,10,1,0,2019-05-17 13:40:00,0
512,psp2****,많이 울었습니다. 보고 싶네요,8,1,0,2019-05-14 14:24:00,0
513,몽설현(dew7****),쉬운일이 아님을...연기 너무 잘하세요.두분...감사합니다.,10,1,0,2019-05-12 17:17:00,0
514,서동국(silk****),먹먹히네요...추천드립니다,10,1,0,2019-05-12 13:11:00,0
515,김성현(powe****),눈물콧물 다쏟네ㅜㅜ 너무 마음아리는영화다,10,1,0,2019-05-12 01:58:00,0
516,DONGDONG(kdg9****),부모님께 전화한번씩 해보자,10,1,0,2019-05-11 22:40:00,0
517,미르지니(mirj****),치매를 이쁘게 포장을 했네요... 현실은 더 비참하는...ㅠㅠ,8,1,0,2019-05-10 10:20:00,0
518,didi****,뻔할수있는 내용이라면 내용일수있지만 과하지 않게 담담히 연기로 보여주신 상황과 역할에 깊은 인상을 받았습니다 한동안 가슴이 먹먹할것 같아요,10,1,0,2019-05-06 19:27:00,0
519,glob****,정신이 들 때마다 글로 서로의 안부를 묻는 장면최고네요,10,1,0,2019-05-04 00:43:00,0
520,Dongju(kwak****),주변을 둘러보게 만드는 영화.,10,1,0,2019-05-03 04:36:00,0
521,탱군(inzz****),이런 영화를 만들어 주셔서 감사합니다,10,1,0,2019-05-03 03:43:00,0
522,나르덴(ebol****),"슬프다는 걸 알고 봤는데 그 이상이네요... 잔잔하지만 스토리도 없지만,... 그 자체가 스토리네요.",10,1,0,2019-05-01 21:08:00,0
523,해적(mais****),"안타까운 현실,,먹먹해지는건 어쩔수가 없다",6,1,0,2019-05-01 02:29:00,0
524,김준성(spac****),"진짜 되돌아보게되고 눈물없이 볼 수 없는 영화,,",10,1,0,2019-05-01 01:48:00,0
525,SONGSUN(tjsw****),상영관이 너무 조금이었어요ㅠㅠ,9,1,0,2019-05-01 00:34:00,0
526,amber(kath****),남편과손꼭잡고 후회없이.더 사랑하자. 말했습니다남편의 조용한.눈물닦아주며.,10,1,0,2019-04-27 22:28:00,0
527,sind****,효도 하는 만큼 성공한다 엄마 사랑해 건강이 최고!!!,10,1,0,2019-04-26 23:51:00,0
528,fjlkflkjfjf(lyin****),나중에 후회하지말고 내 주변인들에게 지금부터라도 잘하자 아무리 잘해줘도 부족한게 사랑이고 인생의 마지막 길에서는 후회뿐이니깐,10,1,0,2019-04-26 13:53:00,0
529,byeo****,엄청 슬프네요 눈물이 ...주르르륵,6,1,0,2019-04-17 14:43:00,관람객
530,정의군(hn04****),미래를 감상합니다로망은 즣은것  같네요,8,1,0,2019-04-13 23:38:00,관람객
531,castiel(meik****),노인을 위한 나라는 아닌 거 같다,5,2,1,2019-05-11 15:20:00,0
532,허와실(thdn****),엄복동 같은 국뽕 영화 보다 몇천배 몇만배는 감동있다,10,2,1,2019-04-27 22:07:00,0
533,탬(miso****),즙짜다가 왔는데... 그냥 노인이 되는것은 가족의 이해와 사랑없이는 비극적인 삶같다.  영화는  다소 픽션적인 느낌이 강하지만 연기력은 너무 좋았음..나머진 소소와 즙즙,6,2,1,2019-04-15 14:38:00,관람객
534,천사소녀네티(hyer****),"처음부터 눈물나는 영화... 사람들 가족들 우리네 이야기라고 하지만, 뭔가 신파적이고 현대 우리들 중에서도... 일부에게 해당되는... 나의 아저씨 같은 느낌이랄까?!!",6,3,2,2019-04-07 22:06:00,관람객
535,자진사퇴좀(heal****),난 혼자 살다 죽을 거 같은데 적극적 안락사의 필요성을 느끼게 되었다.,3,4,3,2019-04-28 01:22:00,0
536,이소현(clai****),,10,0,0,2020-09-09 11:19:00,0
537,유재민(85re****),너무 슬퍼요....연기 잘 봤습니다,10,0,0,2020-07-17 01:34:00,0
538,파란색달(8913****),,5,0,0,2020-05-24 13:31:00,0
539,kjhg****,"나이는... 세월은... 나뿐아니라. 지금 나와 함께 있고, 내가 있게 해준 , 또 나로 인해 있게 된 모든 이들을 위한 영화..  나의 로망은.. 후회없이 그들과 행복한 시간을 보내는것...",7,0,0,2020-02-22 00:14:00,0
540,tjsg****,스포일러가 포함된 감상평입니다. 감상평 보기,9,0,0,2020-01-18 11:30:00,0
541,기뉴특전대(bboy****),돌아가신 부모님이 생각나네요. 두분다 아프셔도 훌륭하게 키워주셔서 감사합니다..,8,0,0,2019-11-24 10:23:00,0
542,상덕하(kwhi****),정말.. 영화가 좋습니다.,10,0,0,2019-11-13 00:13:00,0
543,슬라임(cutt****),,10,0,0,2019-11-12 16:10:00,0
544,dear(smsb****),"인생의 끝자락까지 함께 할 사람을 만날 수 있길. 소중한 우리 가족 한 번이라도 더 눈 마주치고, 안부를 나눠야 함을 잊지 않길. 감독님, 연기자분들 모두 이렇게 여러 생각을 하게 하는 좋은 영화 만들어주셔서 감사합...",10,0,0,2019-11-10 17:25:00,0
545,jackee(jack****),개인적으로 감동 휴먼드라마 좋아한다 그래서 10점이다,10,0,0,2019-11-10 16:55:00,0
546,연(ojy1****),"보면서 얼마나 울었는지 몰라요, 누구나 겪을 수 있는 사례라서 그런지 너무 감정이입 되었네요, 가족 누구하나 안서글픈 사람이 없고 공감되는 스토리로 많이 울면서 봤어요 있을 때 옆에있는 가족, 사람한테 잘합시다.",10,0,0,2019-11-10 00:57:00,0
547,지니(rk13****),너무 감동입니다.. 말로 표현을 못하겠군요.배우들의 연기에 몰입해 눈물 흘리며 봤습니다.,10,0,0,2019-11-03 13:24:00,0
548,구현지(qwsd****),,10,0,0,2019-10-31 23:33:00,0
549,bobu park(pr83****),"학교에서 교수님이 보여주셨는데 진짜 오열했어요,,, 지금도 슬퍼 ㅠ",10,0,0,2019-10-30 21:35:00,0
550,bumi****,우는걸지나쳐서 오열햇어요ㅠ아직 30대인데도 와닿고 가슴저리고반가워가 제일슬펏네요ㅠㅠ,10,0,0,2019-10-24 13:16:00,0
551,수딩(dark****),고령화로 치매는 더 이상 남일이 아니라서 관심갖던영화 IPTV로보았다.연기등덕에 너무 감명깊게보아서 눈물이 좀,10,0,0,2019-10-20 23:40:00,0
552,Namidairo(mrki****),"늙는다는건 내게도 주변인들에게도 이토록 비극이란 것, 그러니 소중한 부모님이 그렇게 되기전에 꼭 효도하고 싶게 만들어주는 영화였다.",8,0,0,2019-10-13 01:04:00,0
553,봄처녀(jiny****),처음엔 부모님 생각에 마냥 눈물 나다가 뒷부분엔 남편 생각에 꺼이꺼이했어요.부모님도 소중하고 내 곁에 있는 신랑도 새삼 소중하더이다. 보다보면 착해지는 영화인거같아요.,10,0,0,2019-10-09 01:10:00,0
554,Jjidori(secr****),연기자들의 연기와 우리주위에서도 일어날 수 있는 소재를 삼아서 인지 더욱더 와닿고 그만큼 슬프고 감명깊은 영화였습니다.,10,0,0,2019-10-08 23:17:00,0
555,유니(qurw****),정말 좋은영화네요. 누구나 겪을 것이고 또 누구나 처음 겪는 것이겠죠..그 슬픔과 두려움을 너무 잘 표현하셨네요..아들놈은 박사면 뭐하나요 저런 자식 되지 맙시다..이순재배우님 연기 너무 잘 하시네요. 너무 슬퍼서 ...,10,0,0,2019-10-08 22:18:00,0
556,뇽뇽잉(dlm0****),너무 울었어요 ㅠㅠ 우리에게도 올 수 있는 미래라고 생각하니 더 먹먹해요,10,0,0,2019-10-04 20:52:00,0
557,이인환(inhw****),현실적인인생 모두들 공감하시는가요?,10,0,0,2019-09-19 02:16:00,0
558,alsgus(nsmi****),오랫만에 여운을 준 영화,10,0,0,2019-09-08 22:02:00,0
559,skad****,로망 ?로망  같은 글자에 극과 극인 뜻?가슴 먹먹한 영화우리들의 얘기였고  우리들의  얘기일수도 있는 영화 ?지나왔던 시간을 되돌아보고 살아갈 시간을 허투루  쓸수없게  만든영화 ?사랑하고  삽시다 ?,10,0,0,2019-08-31 11:33:00,0
560,그럭저럭(chur****),눈물을 닦으며 부모님께 연락을 드렸다~,10,0,0,2019-08-17 22:04:00,0
561,STAR(casu****),슬픈 드라마 한 편  보는것 같아요. 나이들면  아픔만  기다리는..그럼에도 부부가 함께 한다면...,9,0,0,2019-08-13 09:43:00,0
562,minb****,한적하여좋았읍니다서비스도만점입니다,10,0,0,2019-04-16 19:34:00,관람객
563,v개구리v(good****),배급사가 코딱지 만하니까 영화가 힘이 없네ㅠㅠ보고 싶었는데..,4,0,0,2019-04-14 08:33:00,0
564,단미(blac****),그냥 다큐멘터리같은 잔잔하고 애절하게 조용한영화이다...당신의 로망은 무엇입니까..,6,0,0,2019-04-09 23:43:00,0
565,별명(jjsm****),이순재배우님 연기에 눈물이 수도꼭지를 틀어논것처럼 나왔어요..그냥 아들 너무 밉네요..ㅠ저희 할아버지 할머니 아빠 엄마 모두들 건강하시길..,10,1,1,2019-08-29 00:29:00,0
566,무법인생(bles****),눈물 쏙 빼는 연기만은 명품,6,1,1,2019-05-01 13:40:00,0
567,자연스러움(eden****),정영숙 배우님 미소가 손예진 닮았네요.아니다 손예진이 정영숙 닮은거지.,10,1,1,2019-04-27 22:33:00,0
568,zeno****,치매부부이야기이야기가 너무 슬프다음향이나 사운드가 조금 성의가 없었던게 흠비극이 주는 마음의 정화가이 영화의 모든것같아요,8,1,1,2019-04-09 00:14:00,0
569,subi****,미래의 모습이기에 참 씁쓸하고 아쉽네요. 좀 더 희망적인 메세지였음 더 좋았을텐데..,6,2,2,2019-04-12 14:42:00,관람객
570,아이린(lmw1****),uiykoytudertyews,1,0,1,2019-05-29 00:14:00,0
571,변방국드록바(fkrg****),나름 따뜻했던 영화 마지막 결말을 파격적으로 갔으면 더욱 기억에 남았을지도,6,0,1,2019-04-30 00:36:00,0
572,roman octopus(navy****),"""그대를 사랑합니다"" 영화의 감동을 원했지만, 너무 신파극으로 흐르고 스토리 또한 너무 뻔하네요! 역시 영화는 배우가 아니라 감독이 중요한듯합니다.",6,1,2,2019-10-07 00:41:00,0
573,돈(tjxo****),7만5천명이나 봤네 ㄷㄷㄷ,1,1,2,2019-04-29 22:39:00,0
574,그라마(bbq2****),로망에 제약 따윈 없다.,3,1,2,2019-04-29 00:35:00,0
575,NN Pyramid(viva****),감정이 그대로 담긴 마스크와 마치 빙의된듯 돌변하는 이순재와 정영숙의 연기는 가히 놀랍다.다만 kbs주말드라마에나 어울릴 스토리와 어딘가 허술한 연출은 두배우의 어깨에 무거운 짐만....,5,5,6,2019-04-03 14:44:00,0
576,남길구1(skar****),mnnmmmmnnmmn,1,0,2,2019-07-29 00:58:00,0
577,Sosthenes(sost****),치매... 겪어보면 가정이 정말 풍지박살날 것 같아요. 리얼하기도 하고 오버같기도 하고.. 연기는 좀 어색한데 여러 소재를 그런대로 잘 다뤄본 듯,5,0,2,2019-05-11 06:50:00,0
578,하이하이(ohmi****),.... 로망 말그대로 멋있는 영화네요 쫌 지루했습니다..,1,2,4,2019-04-22 20:45:00,0
579,한남동호랑이(acti****),연출이 연기를 못 따라준 영화.,8,2,4,2019-04-04 03:46:00,0
580,강다니엘천사사랑하(fkfk****),영화는 슬펐지만 좋은 배우와 소재로 이정도라는 생각도 떨쳐낼 수 없었다.,6,3,5,2019-04-05 17:53:00,0
581,난항상(tt06****),2019초극신파 그렇지만 마지막10분은 희망적 의미 하..,3,1,4,2019-04-05 23:00:00,0
582,롤롤호롤롤(0tjs****),두 주연 배우의 연기로 극을 이끌어가기에 충분했던 영화. 다만 감독의 역량이 두 배우에 비해 상당히 부족했던... 신파를 좋아하지 않는 사람들에게는 추천하고 싶지 않다,6,1,4,2019-04-04 10:26:00,0
583,아하하하(ssin****),동시치매는 신선한데 너무 뻔하게 만들어서 아쉽네,6,1,5,2019-04-28 15:21:00,0
584,아오이 유우(ldy0****),kjlijhuuyiuyt,1,1,6,2019-04-11 03:32:00,0
585,LP(ogr5****),신파적인 것을 연출마저 신파적으로 할 필요는 없다.,4,1,6,2019-04-07 21:32:00,0
586,skba****,좀더 짜임세 있는  스토리텔링 부족최근 눈이 부시게  드라마 처럼,6,0,7,2019-04-06 13:25:00,관람객
587,njaqua(endo****),마음은 이해하나 투자자는 사업이니 이런 작품은 좀 그만,1,2,9,2019-04-05 18:50:00,0
588,rich****,소재는 좋은데 시나리오가 형편없음.이순재와 정영숙 2사람의 연기력이 뒤를 받춰줍니다,2,2,10,2019-04-07 18:41:00,관람객
589,타우린(1htk****),너무 뻔한이야기...,2,3,11,2019-04-05 11:45:00,0
